Filename,Detected Classes
speed-22-20240704-1849570.jpg,car,221.07611,84.81659
speed-24-20240704-1701323.jpg,truck,214.8275,84.767365
speed-42-20240704-1537078.jpg,car,162.41571,53.863617
speed-42-20240704-1537078.jpg,cat,19.753052,22.069519
speed-25-20240704-1609125.jpg,car,132.07208,71.1127
speed-31-20240704-1638535.jpg,motorcycle,86.10324,52.848724
speed-31-20240704-1638535.jpg,person,45.47586,61.472443
speed-38-20240704-1323307.jpg,car,188.87372,72.02707
speed-36-20240704-2011575.jpg,car,174.40842,67.08609
speed-25-20240704-1249251.jpg,car,163.47711,64.20261
speed-39-20240704-1718258.jpg,truck,213.35812,77.22604
speed-39-20240704-1812350.jpg,car,151.86465,58.08026
speed-36-20240704-1519467.jpg,truck,191.5115,71.96521
speed-39-20240704-1255187.jpg,car,190.1388,77.76825
speed-26-20240704-1432258.jpg,car,172.0362,76.78549
speed-33-20240704-1302180.jpg,car,182.6997,72.694244
speed-33-20240704-1302180.jpg,person,23.371521,16.590027
speed-42-20240704-1220207.jpg,car,200.24088,73.93225
speed-37-20240704-2026193.jpg,car,208.4112,86.23627
speed-45-20240704-1800219.jpg,car,188.11981,70.27606
speed-34-20240704-1706380.jpg,truck,411.6068,155.53229
speed-34-20240704-1706380.jpg,truck,101.64792,95.66629
speed-22-20240704-1026440.jpg,car,164.55817,68.198456
speed-46-20240704-1216313.jpg,truck,221.92703,73.59845
speed-46-20240704-1216313.jpg,car,203.59467,76.932526
speed-26-20240704-1718233.jpg,car,153.99094,55.14319
speed-39-20240704-1913338.jpg,car,206.37082,84.21503
speed-24-20240704-1230255.jpg,car,206.32942,72.28424
speed-33-20240704-1656487.jpg,car,174.22499,72.94339
speed-29-20240704-1435441.jpg,car,195.67722,66.23367
speed-22-20240704-1122381.jpg,car,192.50636,77.181854
speed-33-20240704-1352364.jpg,car,187.03708,65.82626
speed-35-20240704-1634024.jpg,car,142.69653,64.43811
speed-28-20240704-1109067.jpg,motorcycle,87.166504,55.155
speed-32-20240704-1825170.jpg,truck,199.3255,71.06418
speed-24-20240704-1252375.jpg,car,245.2361,87.85333
speed-28-20240704-1335040.jpg,truck,250.1546,87.80075
speed-39-20240704-1713090.jpg,car,164.96701,63.152496
speed-39-20240704-1450111.jpg,car,157.66888,55.865814
speed-32-20240704-1318379.jpg,truck,210.58792,77.54886
speed-22-20240704-1110482.jpg,car,209.3294,80.36087
speed-44-20240704-1657473.jpg,car,156.74716,61.430542
speed-39-20240704-1806091.jpg,car,150.42316,57.741608
speed-33-20240704-1514180.jpg,car,221.61398,89.46985
speed-39-20240704-1619219.jpg,truck,222.75702,80.93341
speed-28-20240704-2013591.jpg,car,53.25815,39.238983
speed-44-20240704-1639427.jpg,car,229.77039,82.68115
speed-33-20240704-1127030.jpg,truck,230.19531,87.59656
speed-35-20240704-1022352.jpg,car,150.99585,62.905792
speed-22-20240704-1949411.jpg,car,177.62888,62.75467
speed-42-20240704-1832359.jpg,truck,263.6956,85.90173
speed-42-20240704-1832359.jpg,car,230.24353,85.17529
speed-29-20240704-2018249.jpg,car,184.07704,74.70126
speed-35-20240704-1437033.jpg,car,190.9627,65.21005
speed-26-20240704-1122487.jpg,car,173.6705,68.180664
speed-41-20240704-1251394.jpg,car,160.37329,68.08847
speed-30-20240704-1133464.jpg,car,176.7104,72.095
speed-35-20240704-1601288.jpg,car,169.59265,68.78403
speed-51-20240704-1628032.jpg,truck,210.25787,83.46231
speed-25-20240704-1444467.jpg,car,203.34769,79.09039
speed-39-20240704-1940205.jpg,car,173.67361,79.43878
speed-39-20240704-1940205.jpg,person,52.616577,100.41031
speed-25-20240704-1758141.jpg,car,175.9303,68.6926
speed-31-20240704-1306413.jpg,car,177.65253,70.39032
speed-32-20240704-1758187.jpg,car,172.34683,58.33087
speed-34-20240704-1427526.jpg,car,172.27795,59.50067
speed-38-20240704-1555222.jpg,car,182.53497,72.007416
speed-29-20240704-1109576.jpg,car,234.1553,82.437775
speed-39-20240704-1024274.jpg,car,146.29001,61.77948
speed-29-20240704-1133417.jpg,motorcycle,82.88901,46.37796
speed-29-20240704-1133417.jpg,person,22.234497,28.07962
speed-29-20240704-1133417.jpg,person,37.827362,49.992798
speed-44-20240704-2014321.jpg,car,171.59103,75.941345
speed-44-20240704-1539266.jpg,car,167.2063,70.82193
speed-44-20240704-1539266.jpg,cat,18.89447,21.717346
speed-32-20240704-1634539.jpg,car,180.77756,68.773315
speed-43-20240704-1725274.jpg,car,173.46744,59.361084
speed-38-20240704-1422294.jpg,motorcycle,86.62921,45.594208
speed-38-20240704-1422294.jpg,person,16.94162,34.15442
speed-38-20240704-1422294.jpg,person,26.800629,47.58966
speed-38-20240704-1422294.jpg,cat,30.743408,31.90268
speed-25-20240704-1750092.jpg,car,157.47327,67.203766
speed-33-20240704-1217015.jpg,car,242.62741,84.09323
speed-33-20240704-1217015.jpg,truck,238.53183,86.07211
speed-39-20240704-1704316.jpg,truck,223.95009,91.24411
speed-30-20240704-1412515.jpg,car,161.98953,70.44003
speed-50-20240704-1222563.jpg,truck,227.40298,99.48822
speed-38-20240704-1514056.jpg,car,243.36462,91.18005
speed-27-20240704-1916328.jpg,car,200.51364,70.73047
speed-28-20240704-1444595.jpg,car,176.2208,70.72348
speed-27-20240704-1241307.jpg,truck,197.63718,69.03186
speed-36-20240704-1215011.jpg,car,167.18835,75.32605
speed-36-20240704-1215011.jpg,person,48.138916,52.858612
speed-28-20240704-1547507.jpg,car,182.75313,63.42392
speed-23-20240704-1117167.jpg,car,186.99905,72.16864
speed-30-20240704-1609416.jpg,motorcycle,82.45245,59.68445
speed-30-20240704-1609416.jpg,person,19.451569,38.00992
speed-39-20240704-1927317.jpg,car,156.48666,53.894806
speed-39-20240704-1146197.jpg,car,177.02347,72.96268
speed-37-20240704-1520252.jpg,car,186.23846,74.76245
speed-37-20240704-1520252.jpg,motorcycle,78.147705,47.19513
speed-26-20240704-1055180.jpg,truck,237.72826,90.90765
speed-48-20240704-1223068.jpg,car,207.99591,75.25864
speed-48-20240704-1223068.jpg,truck,147.32886,57.691772
speed-48-20240704-1223068.jpg,car,112.82306,41.664917
speed-33-20240704-1119484.jpg,car,161.93167,62.977814
speed-24-20240704-1223014.jpg,truck,260.57355,89.44092
speed-39-20240704-1654119.jpg,car,164.71133,68.16873
speed-40-20240704-1516379.jpg,car,236.18906,92.02371
speed-34-20240704-1427487.jpg,car,188.63226,70.70932
speed-31-20240704-1519385.jpg,car,177.3154,72.74823
speed-22-20240704-1947370.jpg,car,195.58472,104.94931
speed-31-20240704-1246394.jpg,car,190.30655,78.92764
speed-22-20240704-1122355.jpg,car,181.55658,67.473175
speed-35-20240704-1101204.jpg,motorcycle,82.14218,42.98413
speed-35-20240704-1101204.jpg,person,20.600586,24.606567
speed-39-20240704-1542264.jpg,truck,230.46933,82.3255
speed-27-20240704-1252569.jpg,car,207.70845,78.85751
speed-25-20240704-1110017.jpg,truck,212.9981,80.87311
speed-42-20240704-1324315.jpg,truck,193.595,74.75412
speed-32-20240704-1346213.jpg,car,159.4401,69.37952
speed-21-20240704-1721231.jpg,car,187.09796,81.634186
speed-32-20240704-1308140.jpg,car,162.4224,63.69519
speed-38-20240704-2016078.jpg,car,170.23053,64.378845
speed-39-20240704-1708471.jpg,car,168.1196,58.215485
speed-25-20240704-1344429.jpg,truck,218.83972,75.52063
speed-44-20240704-1220382.jpg,truck,142.74771,65.888
speed-44-20240704-1220382.jpg,car,237.0972,92.43906
speed-34-20240704-1045221.jpg,car,201.98804,66.66373
speed-38-20240704-1418043.jpg,car,191.0357,69.47281
speed-25-20240704-1508450.jpg,car,195.34618,71.894135
speed-45-20240704-1532344.jpg,car,238.45258,91.96997
speed-44-20240704-1033193.jpg,car,179.82214,66.86124
speed-45-20240704-1630058.jpg,truck,176.52051,82.85593
speed-38-20240704-1742120.jpg,car,169.68045,72.36316
speed-23-20240704-1850241.jpg,car,166.0149,64.73117
speed-38-20240704-1514335.jpg,car,186.39758,72.42929
speed-33-20240704-1258449.jpg,car,164.03134,69.598755
speed-27-20240704-1130180.jpg,car,189.4405,67.73538
speed-22-20240704-1252384.jpg,car,101.76429,67.89908
speed-22-20240704-1252384.jpg,truck,252.63306,92.35953
speed-45-20240704-1321375.jpg,car,167.46371,64.40219
speed-27-20240704-1755219.jpg,car,160.94702,63.103912
speed-43-20240704-1853471.jpg,car,156.51498,65.53552
speed-26-20240704-1444509.jpg,car,173.34628,73.862305
speed-45-20240704-1048596.jpg,car,175.80508,71.46414
speed-45-20240704-1048596.jpg,airplane,222.15906,68.10907
speed-28-20240704-1957405.jpg,car,188.12146,77.69031
speed-28-20240704-1957405.jpg,person,63.954803,121.66354
speed-22-20240704-1128255.jpg,car,194.91034,75.97772
speed-45-20240704-1433310.jpg,truck,148.74802,55.118347
speed-45-20240704-1433310.jpg,truck,103.117836,69.41153
speed-38-20240704-2028579.jpg,car,169.59491,67.30905
speed-28-20240704-1257200.jpg,truck,274.70435,89.75101
speed-38-20240704-1555235.jpg,car,165.47885,54.503113
speed-50-20240704-1655284.jpg,car,175.10104,70.924805
speed-33-20240704-1714067.jpg,car,168.08606,64.8418
speed-35-20240704-1718447.jpg,car,178.07333,71.125244
speed-44-20240704-1918150.jpg,car,161.42545,64.394714
speed-40-20240704-1921203.jpg,car,155.75812,61.269775
speed-20-20240704-1245520.jpg,car,227.71944,83.733734
speed-45-20240704-1752554.jpg,motorcycle,83.32373,47.68094
speed-45-20240704-1752554.jpg,person,25.970276,38.506683
speed-44-20240704-1622164.jpg,car,160.51566,65.674286
speed-25-20240704-1257521.jpg,car,170.52365,67.17041
speed-43-20240704-1738583.jpg,truck,209.26855,112.74492
speed-38-20240704-1319072.jpg,car,206.71094,78.60562
speed-38-20240704-1711193.jpg,car,179.9502,79.30606
speed-37-20240704-1943027.jpg,car,192.12045,87.51138
speed-45-20240704-1222268.jpg,car,153.9473,61.257416
speed-41-20240704-1800444.jpg,bottle,94.83855,82.8757
speed-41-20240704-1800444.jpg,truck,171.6745,75.19217
speed-39-20240704-1739045.jpg,motorcycle,82.216125,49.85138
speed-39-20240704-1739045.jpg,person,17.54544,31.068176
speed-39-20240704-1739045.jpg,person,29.145844,43.395172
speed-39-20240704-1739045.jpg,person,21.54953,45.672394
speed-38-20240704-1259491.jpg,car,167.10648,70.24927
speed-37-20240704-1527458.jpg,car,149.12439,57.36032
speed-28-20240704-1638346.jpg,car,141.892,56.458466
speed-31-20240704-1255064.jpg,car,156.17947,67.76059
speed-39-20240704-1744284.jpg,car,154.82364,62.671234
speed-39-20240704-1416383.jpg,motorcycle,74.37323,47.358765
speed-39-20240704-1416383.jpg,person,16.386993,25.456055
speed-38-20240704-1838252.jpg,car,144.8316,64.2825
speed-23-20240704-1243414.jpg,car,176.74896,58.976257
speed-51-20240704-1937530.jpg,car,154.56476,68.55667
speed-37-20240704-1433217.jpg,car,150.05054,56.149963
speed-25-20240704-1416440.jpg,car,161.82205,63.996796
speed-25-20240704-1416440.jpg,cat,30.170166,32.61264
speed-20-20240704-1310121.jpg,motorcycle,80.575745,49.857544
speed-20-20240704-1310121.jpg,person,32.2771,48.16278
speed-43-20240704-1452484.jpg,truck,250.90424,95.655426
speed-32-20240704-1536024.jpg,truck,230.22946,80.09061
speed-32-20240704-1536024.jpg,cat,19.84314,22.291718
speed-27-20240704-1734191.jpg,car,187.94824,72.77527
speed-24-20240704-1628416.jpg,car,146.44965,63.53003
speed-21-20240704-1326593.jpg,car,198.70117,75.379486
speed-29-20240704-1136150.jpg,car,189.02325,65.60388
speed-46-20240704-1913118.jpg,car,178.6517,69.12433
speed-31-20240704-1539078.jpg,car,180.05179,69.33176
speed-26-20240704-1513119.jpg,truck,227.88605,91.19278
speed-38-20240704-1337599.jpg,truck,206.89261,75.91019
speed-33-20240704-1400125.jpg,truck,199.33154,70.699646
speed-36-20240704-1329470.jpg,car,185.84055,72.361786
speed-35-20240704-1423243.jpg,car,253.3063,88.69934
speed-35-20240704-1423243.jpg,cat,31.377686,32.001617
speed-31-20240704-1024209.jpg,car,188.38461,67.01114
speed-34-20240704-1735566.jpg,car,197.59506,75.43359
speed-30-20240704-1615370.jpg,motorcycle,87.16666,40.958313
speed-30-20240704-1615370.jpg,person,30.710236,47.697754
speed-30-20240704-1615370.jpg,person,17.729828,36.739807
speed-31-20240704-1539087.jpg,car,172.0613,63.976685
speed-33-20240704-1142122.jpg,car,186.92706,66.23282
speed-39-20240704-1548002.jpg,truck,233.07843,91.24841
speed-39-20240704-1548002.jpg,car,219.38501,89.63623
speed-26-20240704-1527530.jpg,truck,257.8979,95.0058
speed-39-20240704-1033108.jpg,car,148.65256,66.06232
speed-24-20240704-1422380.jpg,car,203.06796,70.37732
speed-24-20240704-1422380.jpg,cat,31.246155,32.232147
speed-40-20240704-1144343.jpg,car,163.09341,65.46982
speed-28-20240704-1314062.jpg,car,186.14478,62.47699
speed-37-20240704-1321139.jpg,car,189.19736,69.41281
speed-39-20240704-1338032.jpg,person,29.090637,45.26007
speed-39-20240704-1338032.jpg,motorcycle,84.8064,43.904175
speed-39-20240704-1746280.jpg,truck,184.51105,71.01288
speed-23-20240704-1621098.jpg,truck,197.52899,70.69382
speed-44-20240704-1918237.jpg,truck,193.7757,71.76938
speed-44-20240704-1146521.jpg,motorcycle,78.74951,44.81723
speed-44-20240704-1146521.jpg,person,21.549744,42.762848
speed-26-20240704-1055153.jpg,car,190.07916,72.67511
speed-42-20240704-1744439.jpg,car,161.63141,57.806
speed-37-20240704-1810091.jpg,car,168.59775,67.28427
speed-42-20240704-1147431.jpg,car,149.52725,61.783295
speed-44-20240704-1258002.jpg,car,188.4509,76.59195
speed-37-20240704-1811358.jpg,car,202.75684,80.496826
speed-37-20240704-1811358.jpg,bottle,97.34439,96.9111
speed-33-20240704-1430420.jpg,car,194.93906,76.892365
speed-31-20240704-1351203.jpg,car,190.76727,74.837524
speed-33-20240704-1645007.jpg,motorcycle,121.03198,79.37903
speed-32-20240704-1544262.jpg,car,208.35788,76.956665
speed-34-20240704-1501530.jpg,car,188.75177,77.21118
speed-39-20240704-1328180.jpg,car,197.99652,79.832
speed-25-20240704-1801371.jpg,car,181.26845,79.38544
speed-25-20240704-1801371.jpg,bottle,96.82703,86.838806
speed-22-20240704-1013588.jpg,car,206.93787,77.81357
speed-26-20240704-1348019.jpg,car,180.11664,67.816345
speed-22-20240704-1348285.jpg,car,190.9002,65.1633
speed-17-20240704-1645303.jpg,car,166.71472,74.97208
speed-40-20240704-1425172.jpg,truck,193.7261,65.694824
speed-44-20240704-1345480.jpg,motorcycle,81.764404,53.57309
speed-44-20240704-1345480.jpg,person,31.175049,45.22592
speed-44-20240704-1345480.jpg,person,13.678528,30.482025
speed-44-20240704-1345480.jpg,person,23.638123,30.966125
speed-28-20240704-1055119.jpg,car,206.94792,77.82614
speed-32-20240704-1252303.jpg,car,173.53656,74.64731
speed-38-20240704-1548063.jpg,car,159.19717,65.6434
speed-25-20240704-1908180.jpg,car,165.70334,66.30139
speed-28-20240704-1836565.jpg,car,182.62704,66.91919
speed-37-20240704-1842462.jpg,car,155.42416,67.79706
speed-42-20240704-1339590.jpg,car,231.7728,91.995636
speed-28-20240704-1329297.jpg,truck,224.75049,82.28146
speed-36-20240704-1834423.jpg,car,158.47992,68.367004
speed-35-20240704-1513544.jpg,car,207.41,81.05765
speed-44-20240704-1822220.jpg,car,169.9144,67.93292
speed-25-20240704-1506532.jpg,car,173.08894,72.41824
speed-25-20240704-1506532.jpg,car,93.43884,71.27359
speed-33-20240704-1346260.jpg,car,178.71027,63.025543
speed-31-20240704-1145031.jpg,motorcycle,87.74155,51.952484
speed-31-20240704-1145031.jpg,person,26.514282,33.885406
speed-31-20240704-1145031.jpg,person,45.16855,50.290833
speed-39-20240704-1221367.jpg,motorcycle,78.051834,43.806732
speed-39-20240704-1221367.jpg,motorcycle,87.887634,47.18109
speed-39-20240704-1221367.jpg,person,22.205612,34.991943
speed-39-20240704-1221367.jpg,person,29.39801,50.69162
speed-39-20240704-1221367.jpg,person,25.782196,41.233337
speed-39-20240704-1221367.jpg,motorcycle,31.708092,34.49591
speed-39-20240704-1221367.jpg,person,12.708893,34.656616
speed-33-20240704-1035544.jpg,car,188.73398,62.94055
speed-34-20240704-1741409.jpg,car,195.02905,76.90375
speed-23-20240704-1555416.jpg,truck,224.72595,91.16998
speed-36-20240704-1506026.jpg,truck,326.9951,137.71515
speed-31-20240704-1340126.jpg,car,188.22165,74.37283
speed-36-20240704-1803266.jpg,car,185.93546,71.83646
speed-22-20240704-1616497.jpg,truck,177.97485,69.78171
speed-25-20240704-1900253.jpg,car,195.69228,78.911835
speed-33-20240704-1304251.jpg,car,156.59,55.5856
speed-33-20240704-1457334.jpg,car,182.01007,75.53067
speed-22-20240704-2018164.jpg,truck,217.23213,80.87833
speed-38-20240704-1920542.jpg,car,156.68066,82.96533
speed-37-20240704-1049161.jpg,car,180.8334,66.61005
speed-31-20240704-1100035.jpg,car,169.15184,71.49234
speed-21-20240704-1859347.jpg,motorcycle,77.55477,62.678528
speed-21-20240704-1859347.jpg,person,21.664398,39.047882
speed-21-20240704-1859347.jpg,person,20.54184,38.278687
speed-21-20240704-1859347.jpg,boat,93.17099,52.874268
speed-21-20240704-1859347.jpg,motorcycle,82.37872,52.66626
speed-31-20240704-1231522.jpg,car,179.07669,63.92325
speed-29-20240704-1300505.jpg,car,188.70622,74.01984
speed-50-20240704-1450141.jpg,motorcycle,77.72287,47.227753
speed-50-20240704-1450141.jpg,person,32.763885,54.94745
speed-38-20240704-1457380.jpg,car,136.47833,70.862335
speed-35-20240704-1529427.jpg,truck,256.76865,98.15442
speed-30-20240704-1102044.jpg,car,203.74014,77.233246
speed-32-20240704-1554067.jpg,car,230.27289,84.29077
speed-32-20240704-1554067.jpg,car,199.92024,79.28482
speed-50-20240704-1455005.jpg,car,175.41345,74.16507
speed-31-20240704-1417184.jpg,car,206.55757,77.158844
speed-31-20240704-1417184.jpg,cat,29.89441,32.71878
speed-21-20240704-1049110.jpg,truck,223.14453,75.84515
speed-35-20240704-1352351.jpg,car,210.39833,84.39215
speed-37-20240704-1522443.jpg,car,199.46814,84.03174
speed-45-20240704-1924433.jpg,car,168.8967,67.148315
speed-25-20240704-1755273.jpg,car,188.03732,58.194
speed-44-20240704-1744392.jpg,car,165.61603,56.825134
speed-45-20240704-1300196.jpg,car,182.18985,76.82547
speed-23-20240704-1127465.jpg,car,176.6772,66.18652
speed-22-20240704-1239046.jpg,car,186.27254,78.924774
speed-25-20240704-1859285.jpg,car,170.27745,73.28006
speed-38-20240704-1028364.jpg,truck,223.61343,100.71146
speed-44-20240704-1649113.jpg,truck,190.87592,66.7175
speed-30-20240704-1355588.jpg,car,207.14801,79.706085
speed-26-20240704-1959303.jpg,car,158.10612,70.6846
speed-35-20240704-2009327.jpg,car,155.20703,64.543915
speed-33-20240704-1524052.jpg,car,234.85869,85.678345
speed-40-20240704-1315148.jpg,car,167.42764,72.42563
speed-38-20240704-1501514.jpg,car,184.8902,71.45404
speed-44-20240704-1543478.jpg,car,230.80154,87.339874
speed-28-20240704-1036536.jpg,car,179.54663,62.16101
speed-38-20240704-1632166.jpg,car,190.85388,78.00607
speed-34-20240704-1238506.jpg,car,161.12708,65.100464
speed-44-20240704-1417029.jpg,car,165.81369,67.68292
speed-41-20240704-1250500.jpg,car,160.20059,55.26419
speed-27-20240704-1608440.jpg,car,162.50029,52.295715
speed-19-20240704-1544205.jpg,truck,185.61646,65.86023
speed-36-20240704-1938193.jpg,car,169.02065,77.71619
speed-32-20240704-1630438.jpg,car,196.53217,76.575806
speed-36-20240704-1526056.jpg,car,160.87268,51.620087
speed-22-20240704-1343258.jpg,car,178.66644,71.7384
speed-22-20240704-1343258.jpg,car,36.910156,61.598633
speed-41-20240704-2012026.jpg,car,171.85934,58.904022
speed-25-20240704-1142541.jpg,car,169.525,64.57562
speed-37-20240704-1021357.jpg,car,161.02994,65.12698
speed-39-20240704-1303514.jpg,car,176.2955,71.94803
speed-39-20240704-1553178.jpg,car,176.48734,55.096497
speed-32-20240704-1421228.jpg,truck,216.1597,73.576965
speed-37-20240704-1337566.jpg,car,192.39297,76.6474
speed-37-20240704-1337566.jpg,person,18.269958,41.715363
speed-39-20240704-1150137.jpg,car,204.74028,75.282776
speed-37-20240704-1518090.jpg,truck,210.30829,73.596924
speed-38-20240704-1416256.jpg,car,187.07983,73.565674
speed-38-20240704-1416256.jpg,cat,29.643188,32.926575
speed-21-20240704-1013579.jpg,car,188.43413,73.02002
speed-38-20240704-1942311.jpg,car,144.65808,50.325592
speed-27-20240704-1122409.jpg,car,199.45233,79.82974
speed-32-20240704-1627024.jpg,truck,211.59064,83.25784
speed-22-20240704-1138054.jpg,car,190.96545,77.37723
speed-44-20240704-1234078.jpg,truck,216.9086,76.28845
speed-32-20240704-1927415.jpg,boat,130.13326,58.221222
speed-32-20240704-1927415.jpg,truck,237.45267,97.42267
speed-44-20240704-1232347.jpg,car,142.84946,59.6438
speed-30-20240704-1435422.jpg,car,185.6401,75.144714
speed-21-20240704-1822079.jpg,car,160.94928,57.894714
speed-23-20240704-1100352.jpg,car,167.74472,61.697693
speed-35-20240704-1307225.jpg,car,160.8677,71.860535
speed-39-20240704-1450288.jpg,car,204.40793,74.56259
speed-38-20240704-1146084.jpg,truck,219.6167,114.14877
speed-45-20240704-1433302.jpg,truck,156.99213,56.072113
speed-45-20240704-1433302.jpg,truck,209.20496,79.78183
speed-41-20240704-1608198.jpg,car,167.38202,56.347076
speed-31-20240704-1742060.jpg,car,173.87134,68.06314
speed-42-20240704-1841211.jpg,car,196.68768,80.91327
speed-44-20240704-1442160.jpg,car,169.92969,57.031982
speed-33-20240704-1054193.jpg,car,228.87631,79.351166
speed-24-20240704-1601333.jpg,truck,151.51947,70.52231
speed-31-20240704-1533423.jpg,car,211.02197,85.53827
speed-31-20240704-1533423.jpg,cat,20.502747,22.586517
speed-27-20240704-1445498.jpg,car,195.79794,78.24646
speed-38-20240704-1312109.jpg,car,165.24448,51.074066
speed-45-20240704-1421276.jpg,car,193.13007,65.75052
speed-66-20240704-1940250.jpg,truck,210.45901,93.76639
speed-24-20240704-1116467.jpg,car,153.49554,66.967224
speed-50-20240704-2000276.jpg,car,173.47235,76.05014
speed-33-20240704-1250464.jpg,car,172.47537,54.75403
speed-48-20240704-1720443.jpg,truck,232.06906,88.05646
speed-48-20240704-1720443.jpg,car,235.43484,87.44324
speed-45-20240704-1518447.jpg,car,217.884,89.885956
speed-31-20240704-1350435.jpg,car,163.03888,64.886444
speed-32-20240704-1032359.jpg,car,158.6131,59.291718
speed-32-20240704-1633208.jpg,car,163.02463,70.750244
speed-24-20240704-1526579.jpg,truck,211.59549,103.01126
speed-24-20240704-1526579.jpg,car,199.29668,77.82013
speed-25-20240704-1306525.jpg,car,163.07852,63.11078
speed-48-20240704-1230114.jpg,car,195.03693,77.414764
speed-24-20240704-1611345.jpg,car,163.787,66.93118
speed-27-20240704-1620022.jpg,car,180.21185,73.670074
speed-41-20240704-1029381.jpg,car,203.19492,65.72873
speed-26-20240704-1432213.jpg,car,179.92627,75.35306
speed-29-20240704-1553360.jpg,car,175.61853,76.131256
speed-22-20240704-1036036.jpg,car,156.90134,53.686127
speed-33-20240704-2023228.jpg,car,184.27579,65.90329
speed-33-20240704-2023228.jpg,person,50.25363,49.551453
speed-38-20240704-1448417.jpg,car,164.71625,57.342865
speed-32-20240704-2013572.jpg,car,243.20787,85.78427
speed-22-20240704-1451474.jpg,car,159.4584,63.334198
speed-41-20240704-2024295.jpg,car,149.6502,54.818756
speed-29-20240704-1311526.jpg,car,179.56314,73.188934
speed-44-20240704-1743114.jpg,truck,249.55994,123.24545
speed-39-20240704-1731078.jpg,car,184.66989,78.85571
speed-30-20240704-1912261.jpg,truck,183.83691,69.82074
speed-24-20240704-1349093.jpg,truck,225.72528,89.39038
speed-44-20240704-1409264.jpg,motorcycle,77.509,59.48001
speed-44-20240704-1409264.jpg,cat,29.936829,33.712585
speed-44-20240704-1409264.jpg,person,31.420532,37.89908
speed-34-20240704-1937080.jpg,car,183.53558,79.95694
speed-39-20240704-1357485.jpg,car,103.90659,56.988953
speed-39-20240704-1357485.jpg,truck,236.19516,84.37537
speed-39-20240704-1357485.jpg,car,247.39761,83.35672
speed-30-20240704-1314565.jpg,car,160.3236,65.2731
speed-21-20240704-1903403.jpg,car,154.15836,69.341125
speed-39-20240704-1615441.jpg,car,160.09012,71.92496
speed-36-20240704-1233465.jpg,car,203.11081,72.08783
speed-33-20240704-1118261.jpg,car,217.24611,82.72824
speed-44-20240704-1222251.jpg,truck,165.40521,62.16107
speed-37-20240704-1230093.jpg,car,143.49585,67.21854
speed-37-20240704-1311049.jpg,car,185.43713,63.48175
speed-42-20240704-1425557.jpg,truck,214.32892,77.066284
speed-39-20240704-1534393.jpg,car,241.7236,90.50275
speed-39-20240704-1534393.jpg,truck,232.28925,90.1861
speed-37-20240704-1133537.jpg,truck,232.77469,87.69922
speed-30-20240704-1434376.jpg,car,198.34206,81.63507
speed-22-20240704-2005581.jpg,truck,215.9755,75.837585
speed-39-20240704-1032529.jpg,truck,126.52167,83.66754
speed-39-20240704-1032529.jpg,truck,202.34467,73.61905
speed-24-20240704-1745311.jpg,car,161.0144,77.1806
speed-28-20240704-1455566.jpg,car,199.23601,80.778076
speed-36-20240704-2028235.jpg,car,174.98984,65.26245
speed-28-20240704-2030317.jpg,car,196.54199,80.11337
speed-37-20240704-1627080.jpg,car,149.9945,59.697083
speed-31-20240704-1451388.jpg,car,179.45532,73.9704
speed-36-20240704-1635235.jpg,car,154.99567,61.98529
speed-28-20240704-1750101.jpg,car,149.71854,62.012665
speed-38-20240704-1559296.jpg,car,161.78989,67.07742
speed-31-20240704-1020235.jpg,truck,209.08904,115.707016
speed-31-20240704-1020235.jpg,truck,659.9669,133.38489
speed-25-20240704-1755228.jpg,car,156.51202,63.259277
speed-38-20240704-1914051.jpg,car,161.4491,68.01251
speed-29-20240704-2031492.jpg,car,199.0832,72.36722
speed-34-20240704-1615349.jpg,motorcycle,94.566925,56.17148
speed-37-20240704-2016032.jpg,car,158.46255,57.925354
speed-42-20240704-1939079.jpg,person,81.0325,118.97006
speed-42-20240704-1939079.jpg,truck,221.29445,97.60574
speed-29-20240704-2017284.jpg,car,211.01215,79.91556
speed-31-20240704-1927278.jpg,car,176.65323,78.253204
speed-35-20240704-1956153.jpg,car,168.065,76.58981
speed-44-20240704-1229073.jpg,car,159.65417,63.835663
speed-30-20240704-1133201.jpg,car,158.57391,59.57193
speed-27-20240704-1411285.jpg,car,188.28014,70.13785
speed-27-20240704-1411285.jpg,cat,29.044434,33.43918
speed-19-20240704-1110572.jpg,car,182.76361,68.43527
speed-30-20240704-1122456.jpg,truck,659.0091,166.07115
speed-30-20240704-1122456.jpg,train,134.7038,103.01457
speed-31-20240704-1122595.jpg,truck,262.81384,92.40933
speed-38-20240704-1424123.jpg,boat,120.05975,53.269745
speed-38-20240704-1424123.jpg,truck,203.9743,71.65915
speed-38-20240704-1424123.jpg,cat,31.320251,32.008667
speed-25-20240704-1243291.jpg,car,186.1235,69.18393
speed-45-20240704-1509239.jpg,truck,240.42102,90.60541
speed-38-20240704-1715434.jpg,car,189.02574,68.2222
speed-38-20240704-1715434.jpg,truck,60.55829,71.31528
speed-25-20240704-1310193.jpg,car,158.1972,65.561676
speed-34-20240704-1559500.jpg,truck,195.73334,69.56247
speed-42-20240704-1849159.jpg,truck,220.36261,80.281494
speed-22-20240704-1229408.jpg,car,167.49493,72.09039
speed-40-20240704-1804020.jpg,car,211.88507,94.257935
speed-40-20240704-1804020.jpg,person,45.14978,35.965088
speed-22-20240704-1432267.jpg,car,183.60266,78.55078
speed-38-20240704-1519507.jpg,car,176.08102,79.44144
speed-35-20240704-1321090.jpg,car,153.26675,53.56247
speed-33-20240704-1617295.jpg,car,213.1779,81.85782
speed-38-20240704-1343478.jpg,truck,501.31613,129.61736
speed-45-20240704-1047412.jpg,car,153.43689,61.506073
speed-38-20240704-1818286.jpg,car,161.18149,66.30704
speed-38-20240704-1818286.jpg,bottle,95.63332,89.73718
speed-39-20240704-1649249.jpg,motorcycle,84.45743,62.340546
speed-24-20240704-1120129.jpg,car,172.65771,62.96573
speed-36-20240704-1947327.jpg,car,177.72183,78.67569
speed-38-20240704-1557326.jpg,car,201.87277,77.29425
speed-33-20240704-1022277.jpg,truck,259.7972,100.59329
speed-30-20240704-1247260.jpg,car,170.65274,63.21051
speed-35-20240704-1306163.jpg,car,141.47873,59.707184
speed-28-20240704-1052413.jpg,car,228.78139,83.68622
speed-39-20240704-1729026.jpg,car,143.95328,67.06357
speed-32-20240704-1426480.jpg,motorcycle,82.26431,50.301666
speed-32-20240704-1426480.jpg,person,31.171997,56.9328
speed-32-20240704-1426480.jpg,person,36.659363,41.33908
speed-42-20240704-1337041.jpg,truck,208.36917,72.49887
speed-26-20240704-1122586.jpg,car,267.70593,88.841
speed-26-20240704-1122586.jpg,truck,175.63593,70.93439
speed-28-20240704-1527521.jpg,truck,235.96504,85.8728
speed-28-20240704-1527521.jpg,cat,22.573425,23.911407
speed-37-20240704-1520231.jpg,car,156.18985,59.025177
speed-20-20240704-1859395.jpg,car,186.08154,75.10663
speed-39-20240704-1110239.jpg,motorcycle,89.76932,46.282654
speed-39-20240704-1110239.jpg,person,46.03946,50.454865
speed-32-20240704-1801515.jpg,car,143.76001,76.62009
speed-32-20240704-1801515.jpg,bottle,97.196365,89.957245
speed-33-20240704-1357042.jpg,truck,176.95148,97.17978
speed-33-20240704-1357042.jpg,train,416.87375,134.51263
speed-25-20240704-1122574.jpg,car,202.05093,75.917114
speed-33-20240704-2025100.jpg,truck,263.61633,93.3689
speed-42-20240704-1639489.jpg,car,195.04507,81.66812
speed-24-20240704-1548314.jpg,truck,210.50778,74.85919
speed-33-20240704-1715045.jpg,truck,207.18286,74.53931
speed-39-20240704-1728258.jpg,car,242.2289,90.92609
speed-34-20240704-1300572.jpg,car,235.77927,85.40271
speed-40-20240704-1503065.jpg,truck,196.40253,70.556885
speed-38-20240704-1843123.jpg,car,164.37213,55.4404
speed-42-20240704-2016349.jpg,car,174.02222,59.07019
speed-33-20240704-1940461.jpg,car,166.10022,67.56305
speed-27-20240704-1744160.jpg,car,186.06163,74.96893
speed-45-20240704-1528418.jpg,car,145.62854,62.118744
speed-45-20240704-1528418.jpg,cat,22.02417,23.804565
speed-22-20240704-1220566.jpg,truck,269.9076,95.5827
speed-41-20240704-1241333.jpg,car,162.32361,70.05798
speed-39-20240704-1109556.jpg,car,238.78195,85.71561
speed-33-20240704-1053060.jpg,person,25.198242,35.130157
speed-33-20240704-1053060.jpg,motorcycle,80.68442,39.739838
speed-33-20240704-1053060.jpg,person,31.443634,48.9635
speed-33-20240704-1053060.jpg,motorcycle,45.250153,39.005585
speed-33-20240704-1053060.jpg,person,22.904846,38.51712
speed-44-20240704-1900146.jpg,car,157.78052,61.293335
speed-39-20240704-1036016.jpg,car,161.20111,57.411377
speed-39-20240704-1036016.jpg,car,182.87375,71.19916
speed-44-20240704-1234343.jpg,car,171.07013,67.09302
speed-29-20240704-1550521.jpg,car,233.15326,86.83972
speed-25-20240704-1253122.jpg,car,167.44229,54.12387
speed-24-20240704-1752108.jpg,person,20.038513,36.770874
speed-24-20240704-1752108.jpg,motorcycle,79.68605,59.165955
speed-24-20240704-1752108.jpg,person,20.739616,52.357544
speed-24-20240704-1752108.jpg,person,23.584518,45.49527
speed-24-20240704-1752108.jpg,bird,94.59674,56.063232
speed-36-20240704-1124174.jpg,truck,243.42871,90.26584
speed-39-20240704-2003516.jpg,truck,228.17111,86.02219
speed-39-20240704-1518478.jpg,car,216.09802,86.472565
speed-22-20240704-1257512.jpg,car,183.53452,69.58157
speed-31-20240704-1342379.jpg,car,172.40227,64.2392
speed-33-20240704-1341190.jpg,car,170.88586,68.66351
speed-26-20240704-1123048.jpg,truck,212.8871,83.580444
speed-29-20240704-1329078.jpg,car,164.96625,61.228455
speed-29-20240704-1106037.jpg,car,185.28403,78.94412
speed-30-20240704-1303543.jpg,car,179.11932,68.23898
speed-23-20240704-1138045.jpg,car,183.78337,78.10916
speed-22-20240704-1859306.jpg,car,172.90417,78.96796
speed-39-20240704-1546464.jpg,car,171.1232,71.5607
speed-31-20240704-1735528.jpg,car,168.53168,66.072754
speed-35-20240704-1527308.jpg,car,164.33948,51.902832
speed-27-20240704-1724534.jpg,car,163.30185,67.427216
speed-39-20240704-1607325.jpg,car,158.30139,66.17868
speed-39-20240704-1845255.jpg,car,169.87955,66.62955
speed-25-20240704-1620071.jpg,car,213.10211,82.10834
speed-27-20240704-1638337.jpg,car,154.40674,62.913757
speed-31-20240704-1257358.jpg,car,158.6156,56.237762
speed-31-20240704-1257358.jpg,car,59.75659,74.585205
speed-44-20240704-1849354.jpg,car,187.7843,70.48767
speed-38-20240704-1645228.jpg,truck,203.52206,77.55029
speed-24-20240704-1732011.jpg,truck,191.3701,78.65216
speed-16-20240704-1402357.jpg,car,207.17517,76.88455
speed-24-20240704-1603555.jpg,truck,167.70242,81.765625
speed-39-20240704-1129095.jpg,car,178.16742,70.32645
speed-50-20240704-1845412.jpg,car,159.78885,68.71005
speed-27-20240704-1112008.jpg,car,188.3762,71.63779
speed-26-20240704-1128243.jpg,truck,241.72485,89.458435
speed-28-20240704-1628324.jpg,truck,225.69168,88.38895
speed-28-20240704-1628324.jpg,car,241.06854,86.59967
speed-33-20240704-1220191.jpg,car,173.67776,66.78586
speed-31-20240704-1431533.jpg,truck,198.39493,74.24188
speed-42-20240704-1929127.jpg,bird,259.84833,121.10721
speed-26-20240704-1919196.jpg,car,224.5923,99.986786
speed-28-20240704-1644577.jpg,person,63.24411,91.023315
speed-28-20240704-1644577.jpg,car,163.93909,92.38602
speed-33-20240704-1716171.jpg,car,174.74689,67.40964
speed-24-20240704-1245042.jpg,car,214.61758,72.157715
speed-29-20240704-1548544.jpg,car,175.18845,70.20169
speed-31-20240704-1549339.jpg,car,164.87854,58.062805
speed-45-20240704-1516444.jpg,car,192.28323,67.63623
speed-36-20240704-1743213.jpg,car,232.84787,87.672455
speed-42-20240704-1423068.jpg,car,183.88824,71.698
speed-24-20240704-1027131.jpg,car,137.63123,54.46631
speed-39-20240704-1259531.jpg,truck,111.04791,63.14502
speed-32-20240704-1521473.jpg,car,186.69333,67.51346
speed-38-20240704-1353444.jpg,motorcycle,81.8913,48.2117
speed-38-20240704-1353444.jpg,person,25.908997,33.168427
speed-38-20240704-1353444.jpg,person,17.076508,37.259094
speed-33-20240704-1356205.jpg,car,241.45715,92.3421
speed-33-20240704-1356205.jpg,truck,246.92383,88.75391
speed-22-20240704-1013501.jpg,car,186.14667,69.947754
speed-42-20240704-1049293.jpg,car,161.94467,66.75665
speed-45-20240704-1743172.jpg,truck,233.54395,83.36743
speed-36-20240704-1021381.jpg,car,166.15332,63.561554
speed-30-20240704-1906372.jpg,car,110.82666,69.3573
speed-25-20240704-1908323.jpg,truck,225.94226,79.74866
speed-40-20240704-1637547.jpg,truck,207.64249,75.51947
speed-22-20240704-1700083.jpg,truck,268.76382,99.964966
speed-29-20240704-1619599.jpg,car,187.1925,73.186035
speed-32-20240704-1357033.jpg,truck,221.43204,99.082886
speed-32-20240704-1357033.jpg,train,245.34114,119.56387
speed-44-20240704-2020369.jpg,car,147.07303,65.66016
speed-17-20240704-1613053.jpg,truck,239.93295,92.877075
speed-30-20240704-1443304.jpg,car,226.60637,84.2681
speed-24-20240704-1430269.jpg,car,176.01202,70.869415
speed-36-20240704-1706388.jpg,truck,362.14615,141.15302
speed-36-20240704-1706388.jpg,truck,84.95536,91.655975
speed-33-20240704-1318036.jpg,car,202.57138,64.44937
speed-33-20240704-1541318.jpg,car,186.04814,75.1044
speed-37-20240704-2029206.jpg,car,242.42996,84.274475
speed-37-20240704-2029206.jpg,car,206.2714,54.009552
speed-37-20240704-2029206.jpg,car,146.57999,40.539642
speed-29-20240704-1243500.jpg,car,183.9288,70.41989
speed-44-20240704-1636599.jpg,truck,208.86282,81.063446
speed-24-20240704-1259053.jpg,car,189.719,70.78793
speed-24-20240704-1949492.jpg,truck,217.30951,81.472626
speed-29-20240704-1136133.jpg,car,207.05847,71.27814
speed-42-20240704-1021503.jpg,car,175.9993,67.265656
speed-42-20240704-1244451.jpg,car,185.72787,70.88446
speed-33-20240704-1510369.jpg,car,169.13965,78.474915
speed-33-20240704-1510369.jpg,car,116.9245,37.27054
speed-40-20240704-1639191.jpg,car,150.25073,52.87198
speed-43-20240704-1333040.jpg,car,178.68445,73.05618
speed-44-20240704-1502445.jpg,car,194.22229,83.1279
speed-31-20240704-1524076.jpg,car,198.23773,78.4725
speed-36-20240704-1318143.jpg,car,174.63058,68.51715
speed-24-20240704-1820168.jpg,car,133.16544,47.947113
speed-36-20240704-1044121.jpg,truck,163.79834,63.138184
speed-27-20240704-2013092.jpg,truck,220.49698,76.891266
speed-38-20240704-1850403.jpg,car,195.98514,83.06412
speed-39-20240704-1130476.jpg,car,146.18127,61.418335
speed-38-20240704-1611052.jpg,car,150.23318,66.27661
speed-38-20240704-1234019.jpg,car,151.83652,55.508087
speed-35-20240704-1329225.jpg,car,244.75674,93.10745
speed-32-20240704-1337315.jpg,car,236.30957,84.10278
speed-37-20240704-1619395.jpg,car,164.3682,68.040375
speed-25-20240704-1611336.jpg,car,173.53268,68.23093
speed-25-20240704-1350189.jpg,car,158.63791,68.63367
speed-39-20240704-1047371.jpg,car,190.59756,68.86548
speed-27-20240704-1537456.jpg,car,242.92726,88.22443
speed-27-20240704-1537456.jpg,cat,19.856323,22.617828
speed-33-20240704-1247241.jpg,car,192.78308,67.31021
speed-45-20240704-1653572.jpg,car,158.7186,68.45734
speed-38-20240704-1251326.jpg,car,165.68298,67.226654
speed-21-20240704-1139482.jpg,car,174.32318,71.46808
speed-39-20240704-1507401.jpg,truck,243.62334,87.474
speed-32-20240704-1707394.jpg,car,178.20903,65.94089
speed-45-20240704-1412347.jpg,car,188.34204,68.13489
speed-32-20240704-1140290.jpg,car,162.74225,61.13629
speed-27-20240704-1047597.jpg,car,162.7445,65.367004
speed-25-20240704-1906469.jpg,car,162.70734,71.50781
speed-24-20240704-1537473.jpg,car,100.701935,55.137573
speed-24-20240704-1537473.jpg,car,232.83804,90.04358
speed-24-20240704-1537473.jpg,car,51.91336,32.70166
speed-24-20240704-1537473.jpg,truck,84.02606,80.8869
speed-35-20240704-1747496.jpg,car,159.45416,67.45422
speed-44-20240704-1540501.jpg,truck,239.8797,81.79877
speed-44-20240704-1540501.jpg,cat,18.354248,21.059723
speed-33-20240704-1542016.jpg,car,213.72543,86.68381
speed-47-20240704-1543171.jpg,truck,192.40912,75.207886
speed-38-20240704-1726239.jpg,car,173.26447,75.78714
speed-38-20240704-1300009.jpg,truck,219.22775,78.532684
speed-37-20240704-1148222.jpg,truck,220.5151,77.044495
speed-28-20240704-1546118.jpg,car,192.03809,78.90997
speed-37-20240704-1536090.jpg,motorcycle,92.82535,56.59207
speed-37-20240704-1536090.jpg,person,23.55603,56.671875
speed-37-20240704-1536090.jpg,cat,19.913574,22.195038
speed-39-20240704-1454273.jpg,car,162.10333,63.763794
speed-33-20240704-1359490.jpg,car,220.97665,81.56888
speed-31-20240704-1118419.jpg,car,177.82108,73.84021
speed-39-20240704-1339575.jpg,truck,208.36047,84.73248
speed-41-20240704-1240149.jpg,car,164.34451,71.23337
speed-47-20240704-1816089.jpg,truck,263.2448,90.18768
speed-47-20240704-1816089.jpg,bottle,93.603424,90.364655
speed-42-20240704-2014189.jpg,car,158.39594,65.26477
speed-42-20240704-1359577.jpg,car,151.51035,63.49939
speed-39-20240704-1339563.jpg,car,194.21356,75.54605
speed-32-20240704-1526121.jpg,truck,258.72607,92.9173
speed-41-20240704-1312180.jpg,car,163.04901,57.59265
speed-27-20240704-1257266.jpg,truck,245.71255,90.16269
speed-33-20240704-1117037.jpg,car,251.9988,97.67493
speed-30-20240704-1356196.jpg,car,244.09636,85.41461
speed-32-20240704-1622466.jpg,car,182.50082,69.54297
speed-33-20240704-1335212.jpg,truck,260.0249,88.69635
speed-22-20240704-1537482.jpg,car,44.285595,58.0885
speed-22-20240704-1537482.jpg,car,252.762,91.949646
speed-22-20240704-1537482.jpg,truck,240.92862,91.40817
speed-22-20240704-1537482.jpg,cat,19.761597,22.147308
speed-37-20240704-1122562.jpg,car,184.1044,73.740814
speed-37-20240704-1122562.jpg,car,60.10559,57.94525
speed-47-20240704-1458221.jpg,truck,209.99518,74.856384
speed-31-20240704-1048006.jpg,car,153.32983,61.709747
speed-28-20240704-1930377.jpg,car,166.74867,77.60687
speed-39-20240704-1141104.jpg,car,156.12045,59.9422
speed-22-20240704-1640473.jpg,car,163.02199,74.60498
speed-21-20240704-1230554.jpg,car,177.35909,74.40051
speed-32-20240704-1423529.jpg,truck,217.64862,74.66858
speed-32-20240704-1423529.jpg,cat,31.836548,30.592255
speed-32-20240704-1423529.jpg,car,213.98886,77.977234
speed-23-20240704-1125198.jpg,car,181.96646,73.775665
speed-42-20240704-1234200.jpg,car,169.67688,68.70059
speed-22-20240704-1456256.jpg,car,178.13284,80.13373
speed-25-20240704-1338357.jpg,car,161.54077,62.9393
speed-28-20240704-1748170.jpg,car,233.15039,85.07031
speed-37-20240704-1449444.jpg,car,157.50989,66.658356
speed-38-20240704-1616298.jpg,car,173.61548,71.51831
speed-37-20240704-1933198.jpg,car,156.34766,69.1033
speed-22-20240704-1859315.jpg,car,180.56165,75.96106
speed-39-20240704-1142586.jpg,motorcycle,89.4046,47.902527
speed-28-20240704-1253189.jpg,car,192.13425,84.571625
speed-28-20240704-1752048.jpg,truck,244.58308,95.921814
speed-38-20240704-1744521.jpg,truck,202.4469,79.962616
speed-38-20240704-1341321.jpg,car,159.07831,64.783844
speed-47-20240704-1639511.jpg,truck,221.74261,87.09259
speed-47-20240704-1639511.jpg,car,241.3204,86.573425
speed-44-20240704-1730316.jpg,car,153.15558,61.952545
speed-48-20240704-1726194.jpg,car,233.09738,92.79736
speed-48-20240704-1726194.jpg,person,20.803314,22.074402
speed-19-20240704-1355327.jpg,truck,232.44897,75.58063
speed-22-20240704-2005590.jpg,truck,234.30042,86.44562
speed-33-20240704-1957330.jpg,car,174.33182,75.423615
speed-39-20240704-1554462.jpg,car,175.92886,76.90155
speed-30-20240704-1458295.jpg,truck,199.10727,71.42932
speed-21-20240704-1402347.jpg,car,191.03235,71.821655
speed-36-20240704-1621251.jpg,truck,209.88474,75.61862
speed-22-20240704-1646375.jpg,truck,245.43822,85.105865
speed-38-20240704-1902391.jpg,car,160.11234,68.21246
speed-37-20240704-1127590.jpg,car,138.56046,55.80493
speed-37-20240704-1225459.jpg,car,227.12881,89.70062
speed-44-20240704-2018390.jpg,truck,179.98718,75.33728
speed-33-20240704-1106098.jpg,truck,198.52005,74.76724
speed-23-20240704-1656264.jpg,car,209.17499,79.82007
speed-43-20240704-1833337.jpg,truck,220.12604,81.59833
speed-19-20240704-1625146.jpg,car,170.87146,70.1933
speed-33-20240704-1523574.jpg,truck,475.79327,154.99713
speed-33-20240704-1523574.jpg,truck,211.61111,135.12036
speed-38-20240704-1340599.jpg,car,186.90372,73.20383
speed-44-20240704-1345033.jpg,truck,205.78674,73.49271
speed-39-20240704-1709246.jpg,car,205.66733,83.47174
speed-33-20240704-1132117.jpg,car,177.80417,67.98038
speed-44-20240704-1352573.jpg,car,155.44022,65.6922
speed-38-20240704-1519099.jpg,car,172.04944,71.26761
speed-38-20240704-1534137.jpg,car,167.46558,67.453156
speed-38-20240704-1534137.jpg,cat,19.81128,22.087097
speed-22-20240704-1139473.jpg,car,166.79022,72.69406
speed-44-20240704-1639092.jpg,car,159.78177,63.82086
speed-38-20240704-1612148.jpg,car,162.30347,66.17279
speed-38-20240704-1430345.jpg,car,153.51816,53.373505
speed-28-20240704-1546127.jpg,car,220.71033,82.86948
speed-30-20240704-1020244.jpg,truck,466.75452,128.06174
speed-43-20240704-1803343.jpg,car,161.1625,57.51941
speed-43-20240704-1803343.jpg,bottle,98.10971,95.575195
speed-41-20240704-1512127.jpg,car,157.49066,59.87912
speed-41-20240704-1512127.jpg,cat,17.077026,25.976242
speed-29-20240704-2014005.jpg,car,180.08444,71.71469
speed-39-20240704-1615055.jpg,car,199.54913,74.40848
speed-33-20240704-1408120.jpg,bird,161.0838,45.017914
speed-33-20240704-1221500.jpg,car,184.97269,72.98862
speed-28-20240704-1446494.jpg,car,188.84488,70.8483
speed-25-20240704-1230246.jpg,truck,217.6019,75.85376
speed-27-20240704-1457000.jpg,car,276.3595,90.93997
speed-22-20240704-1127473.jpg,car,199.13483,69.381134
speed-35-20240704-2007547.jpg,truck,237.24477,84.30777
speed-19-20240704-1732002.jpg,truck,216.97968,80.693756
speed-28-20240704-1215254.jpg,truck,240.36255,76.80673
speed-50-20240704-2005336.jpg,car,166.08456,64.819336
speed-34-20240704-1217380.jpg,car,154.95154,66.86081
speed-33-20240704-1823260.jpg,car,188.6676,75.74661
speed-25-20240704-1709195.jpg,car,150.1925,83.63739
speed-25-20240704-1709195.jpg,truck,229.25348,96.95798
speed-25-20240704-1709195.jpg,car,93.84912,68.56485
speed-20-20240704-1250148.jpg,car,199.38496,74.26849
speed-23-20240704-1622107.jpg,truck,246.29327,88.6528
speed-39-20240704-1651418.jpg,car,152.44666,57.546783
speed-18-20240704-1217144.jpg,car,199.21936,74.10608
speed-41-20240704-1257349.jpg,car,167.86102,58.21759
speed-34-20240704-1421316.jpg,car,146.67111,64.11038
speed-34-20240704-1421316.jpg,cat,30.344543,31.388824
speed-33-20240704-1626056.jpg,truck,196.29791,80.958954
speed-23-20240704-1450501.jpg,car,188.85013,71.77594
speed-39-20240704-1144299.jpg,car,206.69424,75.411804
speed-21-20240704-1943199.jpg,car,160.09296,66.29907
speed-40-20240704-1248427.jpg,car,185.97589,70.45526
speed-33-20240704-1512388.jpg,car,182.2482,73.4769
speed-39-20240704-1633510.jpg,car,190.87238,59.192078
speed-45-20240704-1600285.jpg,truck,220.16016,85.58554
speed-44-20240704-1558195.jpg,truck,223.2045,80.828674
speed-24-20240704-1036027.jpg,car,157.20947,57.52298
speed-36-20240704-1356169.jpg,car,238.49524,73.69632
speed-36-20240704-1356169.jpg,truck,584.745,171.52925
speed-33-20240704-1059195.jpg,car,160.8254,55.354675
speed-33-20240704-1643396.jpg,car,230.86981,104.24887
speed-34-20240704-1642345.jpg,car,183.7258,70.262024
speed-23-20240704-1343242.jpg,car,197.44656,67.72394
speed-38-20240704-1307032.jpg,car,162.78897,66.954346
speed-25-20240704-1628426.jpg,car,142.09595,61.348236
speed-33-20240704-1022296.jpg,car,180.1202,74.34369
speed-44-20240704-1904049.jpg,car,161.60913,66.00513
speed-38-20240704-1904302.jpg,car,160.9913,56.375458
speed-23-20240704-1414182.jpg,truck,257.91153,152.61812
speed-23-20240704-1414182.jpg,cat,31.427979,31.708405
speed-42-20240704-1435407.jpg,car,205.76764,76.00018
speed-44-20240704-1142138.jpg,car,163.23636,57.1705
speed-28-20240704-1520278.jpg,car,199.23016,79.933655
speed-28-20240704-1456265.jpg,car,201.26294,75.66748
speed-36-20240704-1517568.jpg,car,165.56848,73.422
speed-36-20240704-1517568.jpg,truck,116.21466,65.74817
speed-22-20240704-1141472.jpg,car,218.97003,81.35672
speed-22-20240704-1141472.jpg,truck,216.99823,77.869354
speed-20-20240704-1554232.jpg,car,201.41702,76.204285
speed-28-20240704-1128216.jpg,car,184.35579,73.596954
speed-28-20240704-1128216.jpg,car,185.06696,74.00891
speed-27-20240704-1703037.jpg,car,152.75916,62.931335
speed-27-20240704-1703037.jpg,truck,85.527405,92.960495
speed-27-20240704-1703037.jpg,car,75.162476,46.21817
speed-33-20240704-1544284.jpg,car,266.46448,95.56598
speed-28-20240704-1744168.jpg,car,201.73773,75.97836
speed-19-20240704-1621477.jpg,truck,275.9314,115.05261
speed-38-20240704-1728385.jpg,car,183.46114,65.366394
speed-30-20240704-1755248.jpg,car,158.19324,63.114685
speed-41-20240704-1415094.jpg,car,198.99493,66.52957
speed-33-20240704-1233519.jpg,car,180.056,68.46597
speed-38-20240704-1845202.jpg,car,167.55594,72.982025
speed-35-20240704-1215263.jpg,car,204.84308,75.66113
speed-26-20240704-1734200.jpg,car,204.05878,73.06354
speed-36-20240704-1247460.jpg,truck,220.03064,79.339905
speed-38-20240704-1450047.jpg,truck,235.86761,91.862976
speed-42-20240704-1302351.jpg,car,203.29718,77.28958
speed-19-20240704-1111506.jpg,truck,198.96814,71.058044
speed-22-20240704-1555425.jpg,truck,227.83887,89.00586
speed-47-20240704-2026487.jpg,car,193.21747,77.86417
speed-37-20240704-1632308.jpg,car,170.25598,66.076324
speed-44-20240704-1257189.jpg,car,153.15945,62.017822
speed-44-20240704-1257189.jpg,car,246.3385,89.96985
speed-44-20240704-1257189.jpg,car,60.65036,47.63269
speed-35-20240704-1112238.jpg,car,153.00658,53.78125
speed-18-20240704-2018173.jpg,truck,234.55988,83.544586
speed-27-20240704-1349135.jpg,truck,230.04993,90.46011
speed-27-20240704-1349135.jpg,car,242.1116,88.10779
speed-31-20240704-1512521.jpg,truck,200.1576,73.28302
speed-27-20240704-1508440.jpg,truck,212.24811,77.462555
speed-32-20240704-1255206.jpg,car,175.04883,63.687897
speed-45-20240704-1018041.jpg,truck,229.5213,80.53473
speed-33-20240704-1908189.jpg,car,155.27113,63.156555
speed-39-20240704-1313581.jpg,truck,240.83011,83.277466
speed-33-20240704-1324064.jpg,motorcycle,88.97748,44.534485
speed-33-20240704-1324064.jpg,person,24.352264,44.957794
speed-33-20240704-1324064.jpg,person,46.257233,47.70468
speed-35-20240704-1532109.jpg,car,189.69077,75.713745
speed-33-20240704-1937184.jpg,car,192.91287,72.42642
speed-33-20240704-1937184.jpg,person,53.495697,80.40344
speed-24-20240704-2028370.jpg,truck,158.71835,76.53189
speed-39-20240704-1729165.jpg,car,177.94305,78.04233
speed-28-20240704-1553334.jpg,car,180.35025,64.67496
speed-28-20240704-1458275.jpg,car,215.73553,70.35419
speed-42-20240704-1627131.jpg,car,151.6318,62.712433
speed-36-20240704-1341206.jpg,truck,254.01682,88.669586
speed-40-20240704-1601170.jpg,car,194.7958,80.537415
speed-28-20240704-1436590.jpg,car,158.97507,59.891327
speed-34-20240704-1446159.jpg,car,186.19574,78.18918
speed-27-20240704-1055188.jpg,truck,254.86798,92.24533
speed-26-20240704-1622098.jpg,truck,229.2125,84.095795
speed-39-20240704-1945505.jpg,truck,218.72058,81.49069
speed-43-20240704-1017544.jpg,car,168.82266,55.348297
speed-94-20240704-1859386.jpg,car,180.19237,77.89148
speed-31-20240704-1801507.jpg,car,149.87128,75.299194
speed-31-20240704-1801507.jpg,bottle,98.669815,86.2728
speed-36-20240704-1139265.jpg,motorcycle,64.23588,47.977142
speed-21-20240704-1752117.jpg,motorcycle,84.40744,56.21286
speed-21-20240704-1752117.jpg,motorcycle,105.04816,53.38571
speed-21-20240704-1752117.jpg,person,33.541138,36.028015
speed-21-20240704-1752117.jpg,person,33.72409,51.365356
speed-21-20240704-1752117.jpg,person,39.09503,38.354797
speed-21-20240704-1752117.jpg,person,31.203735,48.45749
speed-30-20240704-1020274.jpg,car,168.93393,68.086
speed-44-20240704-1838000.jpg,car,201.92062,73.28998
speed-37-20240704-1441565.jpg,car,225.13736,85.87811
speed-39-20240704-1837352.jpg,person,21.676636,44.081146
speed-39-20240704-1837352.jpg,motorcycle,89.00534,52.1651
speed-19-20240704-1257449.jpg,car,165.58221,66.10672
speed-33-20240704-2017218.jpg,car,250.5703,87.04324
speed-50-20240704-1917362.jpg,truck,198.89923,79.351074
speed-44-20240704-1926000.jpg,truck,271.2804,106.36505
speed-22-20240704-1903412.jpg,car,169.36462,72.20276
speed-38-20240704-1821356.jpg,truck,206.25491,77.393005
speed-38-20240704-1638578.jpg,car,147.99179,68.634186
speed-32-20240704-1144576.jpg,person,31.983215,44.59091
speed-32-20240704-1144576.jpg,person,31.185028,39.988556
speed-32-20240704-1144576.jpg,person,14.890564,28.198334
speed-22-20240704-1537464.jpg,car,142.21289,64.15637
speed-22-20240704-1537464.jpg,car,53.725937,64.73715
speed-22-20240704-1537464.jpg,truck,252.04095,91.81088
speed-22-20240704-1537464.jpg,car,233.25916,94.272095
speed-22-20240704-1537464.jpg,cat,19.442139,22.246979
speed-30-20240704-1139255.jpg,motorcycle,80.83783,40.32132
speed-30-20240704-1139255.jpg,person,34.115967,41.128876
speed-31-20240704-1619579.jpg,car,196.30476,76.91617
speed-38-20240704-1347171.jpg,car,173.30249,72.605835
speed-38-20240704-1635062.jpg,car,163.40738,66.58649
speed-31-20240704-1556598.jpg,car,158.82324,68.69992
speed-53-20240704-1304312.jpg,car,235.20795,85.943695
speed-32-20240704-1336199.jpg,car,204.4856,66.62747
speed-32-20240704-1336199.jpg,car,167.73999,64.46359
speed-35-20240704-1541293.jpg,car,172.39505,67.93869
speed-33-20240704-1444442.jpg,car,178.76398,75.605225
speed-47-20240704-1357408.jpg,car,169.03128,55.552032
speed-49-20240704-1826079.jpg,car,165.35864,68.45148
speed-45-20240704-1258024.jpg,car,183.53137,75.37073
speed-34-20240704-1215002.jpg,car,204.24622,78.33658
speed-34-20240704-1215002.jpg,car,194.05508,65.46759
speed-34-20240704-1215002.jpg,car,14.518865,29.974945
speed-47-20240704-1525548.jpg,car,183.71957,66.176605
speed-33-20240704-1809134.jpg,car,181.47403,84.16049
speed-33-20240704-1809134.jpg,bottle,96.310974,90.75174
speed-36-20240704-1357466.jpg,car,209.85431,78.38425
speed-40-20240704-1450385.jpg,car,170.25787,67.93088
speed-24-20240704-1053521.jpg,car,150.75983,62.870544
speed-36-20240704-1552037.jpg,truck,219.76205,78.70642
speed-14-20240704-1253093.jpg,truck,224.8006,108.85434
speed-34-20240704-1740343.jpg,car,163.72989,66.11032
speed-44-20240704-1521092.jpg,car,172.6962,71.86276
speed-39-20240704-1309054.jpg,car,149.39032,53.526764
speed-39-20240704-1309054.jpg,car,193.21246,70.7572
speed-32-20240704-1241067.jpg,car,163.27689,60.820526
speed-28-20240704-1228520.jpg,car,196.5275,82.53534
speed-34-20240704-1026504.jpg,car,156.73148,60.884705
speed-38-20240704-1641318.jpg,truck,206.97916,78.2142
speed-21-20240704-1120121.jpg,car,173.2638,66.9234
speed-24-20240704-1117175.jpg,car,173.17604,67.92319
speed-51-20240704-1220395.jpg,car,149.28064,53.122894
speed-33-20240704-1343214.jpg,car,181.51224,69.3056
speed-39-20240704-1554487.jpg,car,232.27168,90.28195
speed-39-20240704-1554487.jpg,truck,220.47876,89.89227
speed-37-20240704-1829483.jpg,car,164.55017,70.89307
speed-42-20240704-1839502.jpg,car,166.05069,77.95416
speed-42-20240704-1839502.jpg,bottle,97.35167,90.59387
speed-44-20240704-1730331.jpg,truck,220.212,80.726715
speed-50-20240704-1351493.jpg,car,169.02628,56.651764
speed-25-20240704-1640404.jpg,car,168.01862,72.80728
speed-36-20240704-1801541.jpg,car,146.22528,62.89691
speed-36-20240704-1801541.jpg,bottle,98.19144,85.29657
speed-36-20240704-1016119.jpg,car,178.32898,59.646484
speed-36-20240704-1644376.jpg,car,183.82169,68.91229
speed-35-20240704-1110438.jpg,car,182.3324,68.02521
speed-37-20240704-1753086.jpg,car,195.64267,81.025085
speed-37-20240704-1506017.jpg,truck,419.57224,160.14423
speed-37-20240704-1506017.jpg,truck,109.91101,101.63342
speed-36-20240704-1126018.jpg,truck,264.50198,84.08374
speed-36-20240704-1126018.jpg,car,202.61554,89.27417
speed-43-20240704-1020089.jpg,car,180.93463,70.58847
speed-22-20240704-1758150.jpg,car,170.56442,78.07062
speed-24-20240704-1900262.jpg,truck,204.14148,82.29068
speed-35-20240704-1945079.jpg,car,184.64221,79.568695
speed-38-20240704-1238405.jpg,car,172.7991,65.36389
speed-42-20240704-1854512.jpg,car,153.61014,63.15561
speed-39-20240704-1358540.jpg,truck,210.74393,79.12045
speed-25-20240704-1017276.jpg,truck,204.07059,75.54349
speed-30-20240704-1731096.jpg,car,220.09528,85.681335
speed-45-20240704-1148477.jpg,car,148.58014,55.388947
speed-35-20240704-1326481.jpg,car,167.06824,73.75528
speed-30-20240704-1351218.jpg,motorcycle,85.00809,49.510406
speed-30-20240704-1351218.jpg,person,45.884064,50.599
speed-39-20240704-1016091.jpg,car,201.31564,72.50113
speed-35-20240704-1334132.jpg,car,194.43954,73.07623
speed-32-20240704-1340556.jpg,car,181.83466,72.236694
speed-22-20240704-1640482.jpg,car,171.96002,79.25668
speed-25-20240704-1334563.jpg,truck,146.38791,70.20874
speed-24-20240704-1342522.jpg,truck,230.0289,89.84927
speed-45-20240704-1344381.jpg,truck,214.7424,75.107025
speed-45-20240704-1344381.jpg,truck,505.0639,112.25186
speed-19-20240704-1322214.jpg,car,197.60956,71.90546
speed-44-20240704-1548145.jpg,car,173.36478,69.26999
speed-36-20240704-1459003.jpg,car,199.25644,77.059265
speed-39-20240704-1912310.jpg,car,183.26431,79.96997
speed-29-20240704-1657176.jpg,car,184.8722,72.233215
speed-39-20240704-1232389.jpg,car,194.09027,79.968506
speed-33-20240704-1912071.jpg,car,179.25803,70.98877
speed-21-20240704-1801380.jpg,car,188.66638,78.554565
speed-21-20240704-1801380.jpg,bottle,99.146095,86.99609
speed-38-20240704-1757143.jpg,car,170.23135,58.698425
speed-28-20240704-1106248.jpg,truck,209.68826,78.377716
speed-21-20240704-1259063.jpg,car,173.9672,66.415375
speed-44-20240704-1400459.jpg,car,227.0921,89.60617
speed-31-20240704-1824586.jpg,car,175.99557,60.427887
speed-31-20240704-1117068.jpg,car,197.42105,74.620605
speed-35-20240704-1613593.jpg,car,178.25027,75.40399
speed-31-20240704-1321204.jpg,car,178.76828,70.87317
speed-24-20240704-1603564.jpg,truck,163.0792,79.71658
speed-30-20240704-1252463.jpg,car,166.95892,65.51257
speed-38-20240704-1741080.jpg,car,137.33615,65.53323
speed-33-20240704-1253162.jpg,car,193.4137,93.71799
speed-33-20240704-1253162.jpg,truck,251.15854,131.0827
speed-25-20240704-1822070.jpg,car,168.80914,56.887848
speed-44-20240704-2018576.jpg,car,169.40952,65.18802
speed-25-20240704-1717439.jpg,car,170.82718,57.880096
speed-49-20240704-1729597.jpg,car,153.1225,64.11813
speed-32-20240704-1423537.jpg,car,191.50977,70.97107
speed-32-20240704-1423537.jpg,cat,31.597595,31.981964
speed-29-20240704-1442289.jpg,motorcycle,76.87851,62.83206
speed-22-20240704-1621087.jpg,truck,235.40857,80.338776
speed-33-20240704-1921124.jpg,car,167.32846,80.28253
speed-42-20240704-1614477.jpg,car,202.09158,76.25867
speed-50-20240704-1126513.jpg,car,203.72714,76.12442
speed-38-20240704-1303285.jpg,car,195.87292,74.56918
speed-38-20240704-1303285.jpg,car,25.236609,44.58719
speed-36-20240704-1642312.jpg,car,176.13043,72.40555
speed-27-20240704-1123019.jpg,truck,190.84561,81.34476
speed-23-20240704-1245033.jpg,truck,227.60266,74.613495
speed-24-20240704-1757257.jpg,truck,205.95792,81.910706
speed-47-20240704-1814292.jpg,truck,178.89697,76.94937
speed-47-20240704-1814292.jpg,bottle,96.08505,94.97266
speed-36-20240704-1257305.jpg,truck,202.41278,77.83374
speed-24-20240704-1053530.jpg,car,144.02975,61.840393
speed-33-20240704-1805119.jpg,motorcycle,91.3486,62.986267
speed-50-20240704-1318525.jpg,car,185.64743,61.124634
speed-36-20240704-2017236.jpg,car,160.64127,65.81766
speed-54-20240704-1353592.jpg,truck,198.81168,74.17154
speed-23-20240704-1309588.jpg,car,171.44373,70.69766
speed-36-20240704-1306189.jpg,car,169.78311,74.5307
speed-39-20240704-1142598.jpg,motorcycle,84.0795,39.327026
speed-39-20240704-1142598.jpg,person,42.970062,44.664856
speed-25-20240704-1554355.jpg,car,150.7377,61.703888
speed-45-20240704-1809053.jpg,truck,198.75104,76.8168
speed-45-20240704-1809053.jpg,bottle,96.44517,90.69702
speed-31-20240704-1850377.jpg,car,199.78812,76.45523
speed-35-20240704-1820342.jpg,car,157.8287,56.653076
speed-44-20240704-1431045.jpg,truck,211.17514,74.928406
speed-38-20240704-1807547.jpg,car,160.50339,55.62805
speed-38-20240704-1807547.jpg,bottle,95.72889,96.576294
speed-44-20240704-1227333.jpg,car,156.42255,63.667145
speed-22-20240704-1658182.jpg,car,178.33539,74.29031
speed-36-20240704-1142558.jpg,car,188.66217,63.591675
speed-45-20240704-1711562.jpg,motorcycle,78.37253,51.03177
speed-45-20240704-1711562.jpg,person,16.016663,25.293701
speed-45-20240704-1711562.jpg,person,33.488647,43.950104
speed-45-20240704-1711562.jpg,person,23.628021,37.24356
speed-35-20240704-1134560.jpg,car,67.82026,60.17755
speed-35-20240704-1134560.jpg,truck,240.6011,88.72995
speed-44-20240704-1918088.jpg,car,173.91336,74.910614
speed-38-20240704-1923355.jpg,truck,235.09174,92.71802
speed-38-20240704-1433054.jpg,truck,220.41785,74.127106
speed-38-20240704-1433054.jpg,car,212.00363,76.28064
speed-38-20240704-1430575.jpg,car,155.04495,54.77768
speed-21-20240704-1645294.jpg,car,154.8602,75.03223
speed-28-20240704-1752057.jpg,truck,251.4773,94.50174
speed-28-20240704-1752057.jpg,bottle,97.63771,80.79962
speed-44-20240704-1308105.jpg,truck,160.80405,77.765076
speed-44-20240704-1308105.jpg,truck,237.90524,83.55441
speed-44-20240704-1308105.jpg,car,131.03835,67.42926
speed-45-20240704-1849112.jpg,car,171.88513,62.134216
speed-40-20240704-1727012.jpg,car,182.23102,79.71503
speed-36-20240704-1149035.jpg,truck,207.14996,74.100525
speed-27-20240704-1131434.jpg,car,148.27493,58.17975
speed-25-20240704-1103372.jpg,car,165.4661,55.11612
speed-36-20240704-1710441.jpg,car,158.8093,65.60452
speed-37-20240704-1430198.jpg,truck,184.27219,66.49487
speed-22-20240704-1055548.jpg,car,176.02902,68.568756
speed-42-20240704-1842003.jpg,car,164.17825,67.660675
speed-35-20240704-1904342.jpg,car,250.43518,84.3363
speed-26-20240704-1128298.jpg,truck,149.23541,132.22089
speed-26-20240704-1128298.jpg,truck,639.3777,173.63701
speed-33-20240704-1626079.jpg,car,203.75761,77.16489
speed-40-20240704-1523025.jpg,truck,229.43353,73.20047
speed-33-20240704-1137313.jpg,car,271.86917,91.15637
speed-33-20240704-1137313.jpg,car,250.78357,93.841095
speed-33-20240704-1137313.jpg,truck,265.52197,97.95892
speed-33-20240704-1137313.jpg,person,24.341125,56.77997
speed-37-20240704-1841129.jpg,car,194.64383,75.078125
speed-38-20240704-1440443.jpg,car,184.13614,69.86487
speed-30-20240704-1356160.jpg,truck,565.7759,144.11229
speed-30-20240704-1356160.jpg,truck,270.1384,144.58311
speed-30-20240704-1356160.jpg,cat,32.01465,36.180725
speed-30-20240704-1638328.jpg,car,159.7038,54.704346
speed-30-20240704-1638328.jpg,car,121.65112,62.16919
speed-32-20240704-1943311.jpg,car,186.40375,70.27698
speed-32-20240704-1943311.jpg,person,54.454376,88.84
speed-40-20240704-1727548.jpg,car,240.04324,96.54605
speed-44-20240704-1656105.jpg,truck,226.3761,79.30878
speed-44-20240704-1835087.jpg,car,167.92892,69.29477
speed-20-20240704-1954251.jpg,car,221.27551,105.34686
speed-20-20240704-1954251.jpg,car,64.24786,54.84195
speed-24-20240704-1128234.jpg,car,226.72792,82.6633
speed-38-20240704-1103000.jpg,truck,200.33078,74.2478
speed-38-20240704-1757385.jpg,car,194.4501,76.19223
speed-34-20240704-1221376.jpg,motorcycle,92.50702,49.60074
speed-34-20240704-1221376.jpg,person,24.531555,36.577545
speed-34-20240704-1221376.jpg,person,33.35547,44.25998
speed-25-20240704-1028136.jpg,truck,176.52438,66.90167
speed-29-20240704-1510255.jpg,car,176.51663,75.75244
speed-26-20240704-1329289.jpg,truck,206.73407,75.42978
speed-26-20240704-1625136.jpg,car,183.40964,71.64575
speed-24-20240704-1658173.jpg,car,171.77185,73.643616
speed-39-20240704-1815518.jpg,truck,254.60257,90.199005
speed-39-20240704-1815518.jpg,bottle,98.84042,93.48883
speed-25-20240704-1942383.jpg,car,150.3352,66.269165
speed-21-20240704-1057422.jpg,car,164.76196,56.631775
speed-36-20240704-1021228.jpg,car,158.02426,65.988434
speed-44-20240704-1549499.jpg,car,169.37201,58.627502
speed-27-20240704-1238290.jpg,car,187.09317,56.87973
speed-38-20240704-1233557.jpg,car,140.20187,56.605347
speed-22-20240704-1457009.jpg,truck,298.43665,93.91388
speed-26-20240704-1506541.jpg,car,162.34775,69.71777
speed-26-20240704-1506541.jpg,car,192.36646,76.33774
speed-27-20240704-1302497.jpg,car,185.90768,70.57266
speed-28-20240704-1721252.jpg,truck,239.0576,86.63785
speed-28-20240704-1701196.jpg,car,187.15063,68.64511
speed-32-20240704-1059443.jpg,car,166.34796,55.60428
speed-34-20240704-1648533.jpg,car,160.9798,73.28473
speed-35-20240704-2011517.jpg,car,161.4726,66.70401
speed-21-20240704-1333487.jpg,car,169.61273,54.808655
speed-38-20240704-1804059.jpg,car,149.20486,54.446808
speed-44-20240704-1119267.jpg,truck,224.8772,77.78357
speed-24-20240704-1659084.jpg,truck,225.25745,81.35913
speed-47-20240704-2026496.jpg,car,242.66797,84.06497
speed-27-20240704-1458266.jpg,truck,235.78265,75.63037
speed-28-20240704-1227402.jpg,car,234.21582,86.06351
speed-31-20240704-1512530.jpg,truck,185.09924,69.95526
speed-28-20240704-1706161.jpg,boat,91.20939,22.29306
speed-28-20240704-1706161.jpg,car,207.03941,82.64642
speed-28-20240704-1706161.jpg,truck,244.58638,83.72461
speed-40-20240704-1237340.jpg,truck,214.00314,89.520935
speed-38-20240704-1031110.jpg,truck,241.07657,87.265686
speed-37-20240704-1753043.jpg,truck,219.47406,95.78601
speed-40-20240704-1103061.jpg,truck,202.44647,75.82919
speed-44-20240704-1351098.jpg,car,148.57639,64.110535
speed-34-20240704-1529404.jpg,car,160.38718,70.05173
speed-29-20240704-1059514.jpg,car,170.31604,70.082825
speed-43-20240704-1448488.jpg,motorcycle,81.04953,47.19632
speed-43-20240704-1448488.jpg,person,18.840149,43.911713
speed-31-20240704-2021488.jpg,truck,205.7478,72.34317
speed-36-20240704-1302306.jpg,car,171.3627,70.611755
speed-28-20240704-1237215.jpg,car,188.58365,73.59192
speed-38-20240704-1117510.jpg,truck,209.42233,75.289215
speed-22-20240704-1027122.jpg,car,144.85043,57.931915
speed-38-20240704-1042539.jpg,car,180.27878,69.1767
speed-19-20240704-1110581.jpg,car,180.24783,66.53418
speed-32-20240704-1321186.jpg,car,150.97202,64.13324
speed-44-20240704-1055454.jpg,car,148.65973,60.37323
speed-37-20240704-1516148.jpg,car,176.53284,75.46628
speed-49-20240704-1611234.jpg,car,176.73346,75.44531
speed-28-20240704-1659075.jpg,car,212.06667,76.27844
speed-42-20240704-1119493.jpg,car,81.23004,54.661133
speed-42-20240704-1119493.jpg,car,242.55435,85.9082
speed-44-20240704-1739058.jpg,motorcycle,82.2879,52.343018
speed-31-20240704-1536055.jpg,motorcycle,83.63852,62.81482
speed-31-20240704-1536055.jpg,person,21.596405,53.97513
speed-31-20240704-1536055.jpg,cat,19.889526,22.23706
speed-39-20240704-1649079.jpg,car,158.06506,62.698944
speed-36-20240704-1629566.jpg,car,195.93738,68.12744
speed-35-20240704-1037334.jpg,car,189.41376,67.090485
speed-35-20240704-1037334.jpg,boat,163.45203,46.34906
speed-21-20240704-1859338.jpg,person,20.974922,37.794342
speed-21-20240704-1859338.jpg,person,51.664703,47.357574
speed-21-20240704-1859338.jpg,boat,90.903046,63.089478
speed-21-20240704-1859338.jpg,person,17.350677,37.983307
speed-37-20240704-1818249.jpg,car,173.45862,72.19916
speed-37-20240704-1818249.jpg,person,46.72534,30.033539
speed-37-20240704-1818249.jpg,car,235.22348,92.596405
speed-37-20240704-1818249.jpg,truck,245.59613,86.434204
speed-32-20240704-1535431.jpg,car,179.32764,80.26041
speed-32-20240704-1535431.jpg,cat,20.126343,22.32904
speed-38-20240704-1028079.jpg,truck,385.10684,144.51091
speed-38-20240704-1028079.jpg,truck,153.84953,105.47809
speed-47-20240704-1040336.jpg,car,238.07071,87.32153
speed-27-20240704-1358149.jpg,car,170.7803,70.32199
speed-28-20240704-1220557.jpg,car,249.91772,88.54886
speed-22-20240704-1402425.jpg,car,239.74365,88.546936
speed-31-20240704-1310034.jpg,car,171.58548,56.849792
speed-49-20240704-1905472.jpg,person,72.569824,69.34799
speed-25-20240704-1711089.jpg,car,199.62299,81.09619
speed-36-20240704-2032473.jpg,car,164.17844,78.22104
speed-26-20240704-1128264.jpg,car,209.11316,75.34958
speed-26-20240704-1128264.jpg,bird,156.05493,22.683594
speed-27-20240704-1941209.jpg,car,63.8954,60.59091
speed-27-20240704-1941209.jpg,car,161.37558,86.489655
speed-28-20240704-1536191.jpg,motorcycle,78.87332,50.700134
speed-28-20240704-1536191.jpg,person,23.316833,38.29883
speed-28-20240704-1536191.jpg,cat,19.450256,21.713867
speed-47-20240704-1955192.jpg,car,168.1831,70.411316
speed-33-20240704-1137304.jpg,boat,162.84535,78.998505
speed-33-20240704-1137304.jpg,car,270.8247,92.06683
speed-33-20240704-1137304.jpg,car,154.2031,84.75333
speed-20-20240704-1737463.jpg,car,191.86395,75.28586
speed-36-20240704-1523583.jpg,truck,575.5684,173.71413
speed-36-20240704-1523583.jpg,car,193.56268,67.76456
speed-38-20240704-1352534.jpg,car,166.50345,68.63785
speed-24-20240704-1850232.jpg,car,175.98914,71.29678
speed-34-20240704-1222369.jpg,car,233.63913,84.70877
speed-39-20240704-1501586.jpg,car,161.0133,56.36557
speed-39-20240704-1912167.jpg,car,176.89691,70.99301
speed-39-20240704-1912167.jpg,truck,227.29333,95.750916
speed-39-20240704-1912167.jpg,truck,88.31246,74.613525
speed-39-20240704-1435151.jpg,car,168.8663,73.48044
speed-36-20240704-1551172.jpg,car,183.37445,75.34589
speed-36-20240704-1732323.jpg,car,163.76877,69.53787
speed-23-20240704-1554076.jpg,truck,218.7886,83.2099
speed-41-20240704-1344342.jpg,car,187.27725,71.902954
speed-29-20240704-1954205.jpg,car,187.63379,63.70526
speed-29-20240704-1954205.jpg,horse,94.525795,73.34006
speed-29-20240704-1954205.jpg,person,52.157227,102.24948
speed-28-20240704-1422154.jpg,car,182.17229,75.50064
speed-28-20240704-1422154.jpg,cat,31.623901,32.13446
speed-25-20240704-1717448.jpg,car,163.16827,57.33792
speed-33-20240704-1313292.jpg,car,176.14594,69.44635
speed-29-20240704-1505428.jpg,car,167.65796,54.812866
speed-41-20240704-2004503.jpg,car,215.70605,82.36395
speed-22-20240704-1721223.jpg,car,183.53806,75.08386
speed-21-20240704-1110492.jpg,car,212.81268,82.10687
speed-31-20240704-1722202.jpg,car,167.94232,69.0777
speed-34-20240704-1524033.jpg,motorcycle,83.40817,49.573822
speed-34-20240704-1524033.jpg,person,40.70749,50.89261
speed-34-20240704-1524033.jpg,person,22.138763,36.200104
speed-27-20240704-1122389.jpg,car,203.34448,84.22684
speed-27-20240704-1122389.jpg,car,30.020687,48.61676
speed-46-20240704-1318280.jpg,car,250.03589,87.43344
speed-24-20240704-1849561.jpg,car,205.02382,81.12717
speed-33-20240704-1304275.jpg,car,180.69852,73.64926
speed-39-20240704-1015248.jpg,car,158.82877,65.182526
speed-33-20240704-1136519.jpg,car,195.9432,77.96106
speed-38-20240704-1854230.jpg,car,165.82208,59.29837
speed-39-20240704-1626354.jpg,car,195.47949,72.99179
speed-39-20240704-1514438.jpg,car,164.59262,71.16739
speed-30-20240704-1906478.jpg,car,153.79503,68.44092
speed-28-20240704-1709157.jpg,truck,229.40733,88.978
speed-39-20240704-1101598.jpg,car,170.74081,76.975006
speed-36-20240704-2004429.jpg,car,156.87448,75.792694
speed-19-20240704-1115529.jpg,car,157.29935,57.212128
speed-20-20240704-1310112.jpg,motorcycle,74.02466,47.545593
speed-20-20240704-1310112.jpg,person,40.7735,55.56653
speed-44-20240704-1805297.jpg,truck,244.9762,89.55704
speed-32-20240704-1059169.jpg,car,158.38449,58.013092
speed-30-20240704-1622074.jpg,truck,207.63687,77.91748
speed-37-20240704-1534239.jpg,car,161.45886,68.53323
speed-36-20240704-1055295.jpg,truck,235.16684,81.45303
speed-36-20240704-1658501.jpg,car,194.30981,76.84982
speed-37-20240704-1454532.jpg,car,255.92168,90.58951
speed-37-20240704-1454532.jpg,car,200.44312,92.2572
speed-39-20240704-1639472.jpg,car,235.73343,83.277374
speed-41-20240704-1049225.jpg,car,200.84235,79.25476
speed-44-20240704-1423154.jpg,car,158.60626,66.60104
speed-44-20240704-1423154.jpg,cat,31.125916,31.901428
speed-32-20240704-1639363.jpg,car,169.94089,70.757324
speed-38-20240704-1439247.jpg,car,195.14761,70.6134
speed-34-20240704-1251595.jpg,car,196.27057,70.02176
speed-41-20240704-1225186.jpg,car,152.70676,56.164948
speed-46-20240704-1945423.jpg,car,163.66824,68.60446
speed-38-20240704-1137248.jpg,truck,161.99347,70.303314
speed-44-20240704-1607516.jpg,car,195.27551,79.3042
speed-35-20240704-1347585.jpg,car,202.18158,73.859985
speed-35-20240704-1347585.jpg,bicycle,35.389053,45.526062
speed-37-20240704-1357062.jpg,car,241.54283,88.3064
speed-21-20240704-2019086.jpg,car,69.39494,48.35489
speed-21-20240704-2019086.jpg,car,230.45181,81.27588
speed-25-20240704-1302488.jpg,car,187.84323,77.314575
speed-39-20240704-1906099.jpg,car,155.79614,63.703827
speed-38-20240704-1554294.jpg,car,155.84146,53.44693
speed-39-20240704-1542253.jpg,car,193.45505,73.7883
speed-32-20240704-1549371.jpg,truck,214.2938,78.73285
speed-35-20240704-1807000.jpg,car,160.06494,66.90866
speed-35-20240704-1807000.jpg,person,24.443298,68.559326
speed-35-20240704-1807000.jpg,bottle,95.97598,90.62695
speed-23-20240704-1706170.jpg,truck,258.9182,86.58188
speed-23-20240704-1706170.jpg,car,265.3014,88.11832
speed-36-20240704-1138252.jpg,truck,239.94415,94.735016
speed-34-20240704-1105141.jpg,truck,204.77448,79.63516
speed-35-20240704-1709144.jpg,car,188.48203,60.425903
speed-34-20240704-1243379.jpg,car,200.04443,80.02759
speed-39-20240704-1544408.jpg,car,183.3443,75.18588
speed-44-20240704-1236059.jpg,car,207.07605,72.828
speed-38-20240704-1500376.jpg,car,165.76706,66.9541
speed-30-20240704-1514557.jpg,car,146.74167,71.99939
speed-28-20240704-1526086.jpg,car,203.29803,77.52939
speed-22-20240704-1752145.jpg,car,177.06877,77.47763
speed-38-20240704-2033027.jpg,car,169.82864,63.56125
speed-37-20240704-1356037.jpg,truck,224.7168,89.14188
speed-25-20240704-1757247.jpg,truck,218.59137,84.60126
speed-33-20240704-1227452.jpg,car,234.6866,87.46442
speed-22-20240704-1252577.jpg,car,219.21835,83.31409
speed-24-20240704-1125207.jpg,car,176.93413,68.56232
speed-22-20240704-1326584.jpg,car,183.43617,71.66635
speed-29-20240704-1813359.jpg,car,197.28871,67.8855
speed-42-20240704-1620013.jpg,car,64.67445,65.59689
speed-42-20240704-1620013.jpg,car,193.5502,73.61063
speed-42-20240704-1620013.jpg,car,18.117676,43.097443
speed-22-20240704-1613045.jpg,truck,233.95834,91.401306
speed-37-20240704-1525533.jpg,car,166.48471,60.793762
speed-17-20240704-1645330.jpg,car,181.8201,76.0473
speed-22-20240704-1737454.jpg,car,184.46445,71.410034
speed-22-20240704-1737454.jpg,car,41.487297,41.571106
speed-21-20240704-1308264.jpg,car,218.69272,82.52435
speed-21-20240704-1308264.jpg,truck,204.50679,73.07144
speed-27-20240704-1218279.jpg,car,193.0072,81.91757
speed-33-20240704-1431296.jpg,car,188.9599,69.555115
speed-28-20240704-1620063.jpg,car,198.39804,76.17218
speed-44-20240704-1725167.jpg,truck,201.4852,77.98663
speed-23-20240704-1249243.jpg,car,189.73456,65.712524
speed-25-20240704-1141481.jpg,car,206.52858,73.59488
speed-25-20240704-1451465.jpg,car,163.76813,66.7605
speed-27-20240704-1722489.jpg,car,176.47766,67.2204
speed-35-20240704-1325288.jpg,car,156.285,66.067535
speed-39-20240704-1221354.jpg,car,204.5921,65.43326
speed-32-20240704-1032330.jpg,car,160.48172,54.604523
speed-25-20240704-1745319.jpg,car,172.67773,75.48184
speed-28-20240704-1220269.jpg,truck,230.4201,84.61572
speed-34-20240704-1631136.jpg,car,166.086,73.243744
speed-34-20240704-1631136.jpg,car,48.980316,46.545227
speed-32-20240704-1511050.jpg,car,143.04617,57.206635
speed-42-20240704-1226456.jpg,car,215.95654,77.73041
speed-25-20240704-1913220.jpg,person,47.639557,63.885773
speed-25-20240704-1913220.jpg,person,81.600525,140.36176
speed-44-20240704-1402006.jpg,car,187.89935,70.617004
speed-41-20240704-1027448.jpg,truck,203.76569,73.71838
speed-19-20240704-1450493.jpg,car,203.6903,75.814606
speed-22-20240704-1055513.jpg,truck,196.59775,69.730865
speed-42-20240704-1639226.jpg,car,234.75479,88.70059
speed-44-20240704-1354033.jpg,car,243.6003,84.24997
speed-39-20240704-1719158.jpg,truck,187.65489,73.078705
speed-35-20240704-1048584.jpg,truck,212.74866,74.20709
speed-36-20240704-1928239.jpg,truck,208.79007,75.40726
speed-31-20240704-1236524.jpg,truck,242.49423,89.349
speed-39-20240704-2010111.jpg,car,229.50403,69.03235
speed-27-20240704-1123057.jpg,truck,225.14764,93.22937
speed-22-20240704-1138066.jpg,car,176.5387,67.7218
speed-44-20240704-1701560.jpg,car,152.59314,67.441895
speed-21-20240704-1343267.jpg,car,195.92609,74.844696
speed-36-20240704-1101189.jpg,person,15.842499,31.885834
speed-36-20240704-1101189.jpg,motorcycle,85.37045,44.24875
speed-25-20240704-1245529.jpg,car,228.50763,87.98447
speed-37-20240704-1841562.jpg,car,180.89029,75.28464
speed-37-20240704-1841562.jpg,person,19.980133,51.10675
speed-36-20240704-1253105.jpg,car,197.23425,80.98093
speed-36-20240704-1253105.jpg,truck,227.90599,109.84488
speed-38-20240704-1736124.jpg,truck,221.0528,81.978516
speed-22-20240704-1343295.jpg,car,168.15994,70.90268
speed-30-20240704-1752590.jpg,car,173.3153,67.687805
speed-36-20240704-1340145.jpg,car,143.51224,64.84717
speed-40-20240704-1120421.jpg,car,151.68912,62.10666
speed-28-20240704-1355580.jpg,car,188.8632,70.372986
speed-22-20240704-1252401.jpg,car,196.40448,79.674194
speed-25-20240704-1239145.jpg,motorcycle,70.55997,46.603394
speed-25-20240704-1239145.jpg,person,36.442444,49.91992
speed-26-20240704-1104463.jpg,car,191.29672,67.28082
speed-48-20240704-1303414.jpg,car,233.29529,87.16373
speed-48-20240704-1303414.jpg,truck,173.26779,98.339264
speed-38-20240704-1409393.jpg,car,162.72342,57.434875
speed-45-20240704-1711277.jpg,truck,407.12674,136.21637
speed-45-20240704-1711277.jpg,truck,185.18768,125.93863
speed-35-20240704-1456175.jpg,car,205.7442,71.56732
speed-38-20240704-1932571.jpg,car,181.43805,85.146545
speed-38-20240704-1932571.jpg,person,67.66339,106.33084
speed-25-20240704-1551263.jpg,truck,156.49548,62.98474
speed-31-20240704-1654220.jpg,car,181.19412,68.93283
speed-44-20240704-1953575.jpg,car,202.46994,89.32889
speed-36-20240704-1618330.jpg,car,151.75381,54.55841
speed-27-20240704-1520385.jpg,car,160.38211,54.401672
speed-25-20240704-1546086.jpg,car,187.1593,71.479004
speed-44-20240704-1336517.jpg,truck,208.23462,78.21271
speed-39-20240704-1948487.jpg,car,167.61209,69.59949
speed-42-20240704-1754430.jpg,car,229.62753,90.903015
speed-37-20240704-1222399.jpg,car,235.8009,120.668335
speed-45-20240704-2011227.jpg,car,172.46387,77.2442
speed-36-20240704-1938349.jpg,car,168.50793,80.32416
speed-36-20240704-1938349.jpg,car,48.734802,56.13861
speed-42-20240704-1932409.jpg,truck,171.8273,73.44876
speed-24-20240704-1812163.jpg,car,172.62311,69.81586
speed-36-20240704-1500511.jpg,car,239.71414,90.36084
speed-42-20240704-1424184.jpg,car,170.6442,60.540222
speed-42-20240704-1424184.jpg,cat,31.537292,32.111725
speed-41-20240704-1739028.jpg,motorcycle,83.21579,54.175964
speed-41-20240704-1739028.jpg,person,16.258636,34.854034
speed-27-20240704-1656255.jpg,car,191.51823,81.89032
speed-44-20240704-1339341.jpg,car,243.95999,90.19592
speed-44-20240704-1339341.jpg,truck,231.01263,88.389404
speed-39-20240704-1416371.jpg,motorcycle,87.2168,49.671112
speed-39-20240704-1416371.jpg,person,12.6502075,30.635376
speed-37-20240704-1302277.jpg,car,161.46692,66.37256
speed-32-20240704-1132047.jpg,car,160.85425,67.09079
speed-28-20240704-1919159.jpg,car,167.05856,66.30765
speed-45-20240704-1952232.jpg,car,160.40009,58.55713
speed-38-20240704-1257062.jpg,car,150.90549,59.531372
speed-39-20240704-1336563.jpg,truck,204.90378,71.60251
speed-31-20240704-1644393.jpg,car,173.77005,75.22519
speed-28-20240704-1943479.jpg,car,183.29279,82.610535
speed-38-20240704-1917323.jpg,car,137.82669,59.542175
speed-39-20240704-1425181.jpg,truck,115.401726,59.986877
speed-35-20240704-1818241.jpg,car,179.73727,73.05792
speed-27-20240704-1306534.jpg,car,151.36147,58.15616
speed-28-20240704-1038104.jpg,car,212.39447,79.356445
speed-39-20240704-1329537.jpg,truck,248.73871,92.62811
speed-34-20240704-1234284.jpg,truck,231.09613,93.68222
speed-44-20240704-1842257.jpg,truck,202.40454,79.49933
speed-37-20240704-1338289.jpg,car,153.1919,54.52417
speed-27-20240704-1711081.jpg,car,172.37631,74.7287
speed-43-20240704-1937505.jpg,car,163.62143,55.427612
speed-38-20240704-2008313.jpg,truck,230.58081,80.91821
speed-45-20240704-1412116.jpg,motorcycle,90.48004,64.87811
speed-45-20240704-1412116.jpg,person,34.41272,65.51105
speed-44-20240704-1731139.jpg,car,137.22986,63.350677
speed-36-20240704-1252150.jpg,truck,216.31165,76.37277
speed-36-20240704-1252150.jpg,car,208.41467,78.952576
speed-41-20240704-1342043.jpg,car,166.83331,66.29068
speed-46-20240704-1654041.jpg,truck,166.99277,65.26065
speed-19-20240704-1055523.jpg,truck,184.82858,67.83356
speed-22-20240704-1130188.jpg,car,193.92816,70.67627
speed-19-20240704-1701315.jpg,truck,221.21692,84.342316
speed-40-20240704-1436314.jpg,car,165.02066,57.38568
speed-35-20240704-1440110.jpg,car,200.79582,73.73874
speed-36-20240704-1535394.jpg,car,244.33096,88.17114
speed-36-20240704-1535394.jpg,cat,20.074219,22.609283
speed-33-20240704-1451565.jpg,car,242.53192,88.7168
speed-22-20240704-1432222.jpg,car,197.49414,79.64011
speed-25-20240704-1638320.jpg,car,175.89801,57.88971
speed-48-20240704-1344389.jpg,truck,249.9083,107.77481
speed-38-20240704-1259467.jpg,car,176.27121,71.03644
speed-26-20240704-1752094.jpg,motorcycle,85.83133,48.73703
speed-26-20240704-1752094.jpg,person,24.313599,53.270172
speed-26-20240704-1752094.jpg,person,36.165802,50.49939
speed-23-20240704-1939173.jpg,car,190.92102,78.58536
speed-18-20240704-1217135.jpg,car,212.24084,76.73746
speed-34-20240704-1658146.jpg,car,196.67114,83.93674
speed-43-20240704-1400056.jpg,car,173.70264,55.6597
speed-27-20240704-1752180.jpg,car,176.56094,76.02313
speed-27-20240704-1752180.jpg,bottle,97.5626,79.19266
speed-20-20240704-1333478.jpg,car,178.72949,58.960815
speed-31-20240704-1109594.jpg,car,168.24237,61.40445
speed-44-20240704-1316563.jpg,car,176.58694,72.81644
speed-43-20240704-1137196.jpg,car,151.56747,63.388916
speed-34-20240704-1335405.jpg,car,193.4039,70.16034
speed-32-20240704-1238461.jpg,car,187.28116,74.67517
speed-32-20240704-1240525.jpg,car,191.98407,64.74695
speed-31-20240704-1601191.jpg,car,170.76102,58.134308
speed-29-20240704-1311416.jpg,car,226.47214,80.679504
speed-32-20240704-1214148.jpg,car,152.38428,56.30432
speed-39-20240704-1711313.jpg,car,174.80197,77.21179
speed-42-20240704-1557344.jpg,car,227.66214,90.759766
speed-42-20240704-1557344.jpg,truck,236.52588,85.20352
speed-39-20240704-1342580.jpg,car,236.88474,84.64401
speed-34-20240704-1737185.jpg,car,180.71259,85.65503
speed-32-20240704-1231531.jpg,truck,164.4072,60.147125
speed-28-20240704-1602170.jpg,truck,240.74069,98.03726
speed-37-20240704-1046489.jpg,truck,157.50116,63.585236
speed-37-20240704-1046489.jpg,car,242.23633,87.97806
speed-45-20240704-1920105.jpg,car,157.33939,57.33203
speed-27-20240704-1735537.jpg,car,162.1958,66.11798
speed-38-20240704-1742139.jpg,truck,209.3169,79.61215
speed-32-20240704-1643387.jpg,car,237.75198,105.760925
speed-42-20240704-2027460.jpg,car,235.37996,87.86624
speed-38-20240704-1029058.jpg,car,182.2865,72.706635
speed-24-20240704-1812173.jpg,car,168.09047,64.76001
speed-44-20240704-1723303.jpg,car,96.808624,61.960236
speed-33-20240704-1416014.jpg,car,207.81033,76.741
speed-23-20240704-1609293.jpg,car,177.81943,74.83481
speed-25-20240704-1546097.jpg,car,183.20815,65.5824
speed-33-20240704-1219183.jpg,motorcycle,87.72418,49.698578
speed-32-20240704-1128225.jpg,car,167.98804,66.39307
speed-32-20240704-1128225.jpg,car,50.02301,66.10306
speed-32-20240704-1128225.jpg,car,201.54895,73.28705
speed-46-20240704-1507260.jpg,car,169.49786,82.654816
speed-39-20240704-1339495.jpg,car,173.16281,71.52466
speed-39-20240704-1636545.jpg,truck,165.8628,75.05359
speed-29-20240704-1400422.jpg,car,185.47668,64.70706
speed-31-20240704-1452161.jpg,car,177.99506,73.26163
speed-34-20240704-1633137.jpg,car,176.0836,64.60867
speed-36-20240704-1045268.jpg,car,244.46353,86.287445
speed-41-20240704-1335423.jpg,car,239.41776,87.495514
speed-40-20240704-1729458.jpg,car,184.06308,76.08389
speed-40-20240704-1527397.jpg,car,188.7344,65.89044
speed-40-20240704-1527397.jpg,cat,22.256836,23.830048
speed-33-20240704-1436448.jpg,car,200.21793,78.2717
speed-36-20240704-2009297.jpg,car,181.88576,66.51544
speed-39-20240704-1054171.jpg,car,220.61578,87.34769
speed-38-20240704-1229220.jpg,truck,198.47586,79.60617
speed-24-20240704-1354246.jpg,car,153.99207,63.551575
speed-25-20240704-1423430.jpg,truck,215.17703,72.44833
speed-25-20240704-1423430.jpg,cat,31.76416,31.938507
speed-38-20240704-1814015.jpg,car,177.31354,73.575165
speed-39-20240704-1538089.jpg,car,183.51099,80.898315
speed-39-20240704-1538089.jpg,cat,19.760742,22.587708
speed-26-20240704-1430247.jpg,truck,229.02106,94.76614
speed-28-20240704-1632059.jpg,truck,196.60269,71.25305
speed-42-20240704-1410032.jpg,car,210.97504,76.936584
speed-42-20240704-1410032.jpg,cat,30.971802,33.825195
speed-24-20240704-1239055.jpg,car,198.8595,77.78171
speed-44-20240704-1924510.jpg,car,181.23422,76.49762
speed-39-20240704-1303293.jpg,car,187.8046,75.81958
speed-51-20240704-1314490.jpg,car,160.23666,65.1752
speed-33-20240704-1051546.jpg,car,156.44707,60.895782
speed-42-20240704-1652326.jpg,car,200.39444,87.272766
speed-39-20240704-1258320.jpg,car,194.19366,74.70703
speed-36-20240704-1219197.jpg,motorcycle,86.11929,40.026154
speed-36-20240704-1219197.jpg,person,39.759033,44.929077
speed-36-20240704-1219197.jpg,person,18.736511,28.99759
speed-34-20240704-1813588.jpg,car,188.06763,67.88556
speed-44-20240704-1408507.jpg,car,185.29178,69.023346
speed-44-20240704-1408507.jpg,cat,30.7359,34.18335
speed-32-20240704-1346182.jpg,car,164.1951,66.92468
speed-38-20240704-1619262.jpg,truck,240.61752,89.22821
speed-28-20240704-1238436.jpg,car,193.24097,72.2327
speed-21-20240704-1724543.jpg,car,149.66081,64.89749
speed-25-20240704-1701205.jpg,car,195.43884,71.40164
speed-31-20240704-1145006.jpg,person,25.962769,37.33423
speed-31-20240704-1145006.jpg,motorcycle,80.83664,38.252197
speed-31-20240704-1145006.jpg,person,29.094818,39.028503
speed-31-20240704-1145006.jpg,person,16.482422,27.373322
speed-30-20240704-1547255.jpg,truck,204.01541,79.81885
speed-35-20240704-1320484.jpg,car,169.56082,72.266235
speed-38-20240704-1357475.jpg,car,57.82618,62.81369
speed-38-20240704-1357475.jpg,car,167.44513,65.34772
speed-29-20240704-1748218.jpg,car,183.74075,65.374146
speed-24-20240704-1049118.jpg,truck,207.39148,76.21835
speed-34-20240704-1541335.jpg,car,150.02759,57.802246
speed-39-20240704-1454541.jpg,truck,127.40759,102.444244
speed-39-20240704-1454541.jpg,boat,320.17514,93.10101
speed-44-20240704-1336471.jpg,car,162.63113,61.970245
speed-23-20240704-1807075.jpg,car,188.01471,70.42154
speed-23-20240704-1807075.jpg,person,36.61032,70.80371
speed-23-20240704-1807075.jpg,bottle,96.51022,95.56241
speed-34-20240704-1937164.jpg,car,200.60884,68.44229
speed-34-20240704-1937164.jpg,person,56.99646,75.85889
speed-25-20240704-1610336.jpg,car,161.44513,65.66687
speed-26-20240704-1700074.jpg,truck,247.4636,99.394135
speed-41-20240704-1415151.jpg,car,193.66681,74.567444
speed-34-20240704-1932593.jpg,car,223.57431,90.17703
speed-38-20240704-1557438.jpg,truck,195.51657,77.98859
speed-33-20240704-1709206.jpg,truck,219.59488,86.13974
speed-33-20240704-1709206.jpg,truck,257.52863,102.11389
speed-43-20240704-1111185.jpg,car,160.94412,67.2153
speed-31-20240704-1834524.jpg,truck,262.37238,94.78009
speed-22-20240704-1526095.jpg,car,220.78223,81.0589
speed-33-20240704-1645024.jpg,car,186.77203,75.43494
speed-34-20240704-1602115.jpg,car,224.93195,79.44937
speed-22-20240704-1052440.jpg,car,171.04031,72.27246
speed-19-20240704-1115538.jpg,car,150.12357,55.069855
speed-39-20240704-1752201.jpg,car,168.25156,58.097717
speed-39-20240704-1752201.jpg,bottle,97.02009,79.45706
speed-29-20240704-1513111.jpg,car,219.93224,81.59262
speed-39-20240704-1347404.jpg,motorcycle,91.82254,51.55789
speed-39-20240704-1347404.jpg,person,16.425049,38.664642
speed-25-20240704-1142549.jpg,car,162.29962,59.303986
speed-38-20240704-2018265.jpg,truck,211.88629,81.811066
speed-34-20240704-1311375.jpg,car,205.99309,83.07553
speed-33-20240704-2002262.jpg,car,170.64044,82.64542
speed-23-20240704-1545585.jpg,truck,204.1062,72.03583
speed-38-20240704-1802113.jpg,car,159.45569,66.31961
speed-38-20240704-1802113.jpg,bottle,97.34444,83.759125
speed-47-20240704-1715244.jpg,car,187.44336,82.06085
speed-20-20240704-1942040.jpg,car,158.3233,65.8414
speed-17-20240704-1257458.jpg,car,162.15872,64.7666
speed-33-20240704-1517321.jpg,car,158.8584,54.792572
speed-33-20240704-1739070.jpg,car,184.20055,67.3624
speed-23-20240704-1402433.jpg,car,240.5499,86.57089
speed-27-20240704-1241297.jpg,car,219.06067,77.55176
speed-19-20240704-1252393.jpg,car,184.0409,74.54254
speed-19-20240704-1252393.jpg,truck,147.93646,96.605194
speed-19-20240704-1252393.jpg,car,148.85175,84.30325
speed-22-20240704-1122400.jpg,car,186.77742,78.29312
speed-22-20240704-1544214.jpg,truck,175.23283,61.507416
speed-44-20240704-1230174.jpg,truck,230.14041,84.390045
speed-42-20240704-1946364.jpg,car,169.06946,66.70526
speed-42-20240704-1946364.jpg,person,147.66718,99.89368
speed-40-20240704-1550121.jpg,car,189.40228,74.38544
speed-33-20240704-1048439.jpg,car,185.61777,69.98767
speed-25-20240704-1013510.jpg,car,194.74097,71.91794
speed-32-20240704-1148288.jpg,truck,219.6099,77.10913
speed-21-20240704-1250157.jpg,car,206.90924,76.65115
speed-37-20240704-1134551.jpg,car,84.87862,76.38104
speed-37-20240704-1134551.jpg,car,148.21991,63.85782
speed-26-20240704-1520269.jpg,car,179.69637,74.44864
speed-42-20240704-1531570.jpg,truck,202.22794,72.14789
speed-42-20240704-1531570.jpg,truck,156.94714,61.84552
speed-37-20240704-1345338.jpg,car,164.0076,52.158905
speed-50-20240704-1827370.jpg,car,181.77274,73.05536
speed-22-20240704-1308250.jpg,car,198.56787,82.71271
speed-22-20240704-1308250.jpg,truck,216.5921,74.48694
speed-22-20240704-1308250.jpg,car,155.08527,74.48239
speed-38-20240704-1110181.jpg,car,161.44803,64.56494
speed-20-20240704-1230563.jpg,car,188.28394,76.240326
speed-34-20240704-1253153.jpg,car,240.3439,91.03897
speed-34-20240704-1253153.jpg,truck,257.43283,136.01987
speed-28-20240704-1018365.jpg,car,199.84143,71.64343
speed-40-20240704-1541575.jpg,car,161.58914,66.19855
speed-22-20240704-1752154.jpg,car,187.42422,76.515564
speed-32-20240704-1755256.jpg,car,148.28415,62.57483
speed-26-20240704-1939164.jpg,car,176.66827,78.94412
speed-26-20240704-1939164.jpg,person,65.244385,85.495056
speed-44-20240704-1839224.jpg,car,187.89206,69.38257
speed-44-20240704-1839224.jpg,bottle,93.232796,96.974915
speed-37-20240704-1053045.jpg,motorcycle,97.58948,46.209534
speed-37-20240704-1053045.jpg,person,39.559814,55.31299
speed-37-20240704-1053045.jpg,person,19.56363,49.891937
speed-37-20240704-1053045.jpg,person,21.94986,31.429047
speed-33-20240704-1346136.jpg,car,180.58978,58.005066
speed-25-20240704-1633101.jpg,car,154.17905,67.40173
speed-39-20240704-1443202.jpg,car,184.12837,76.720184
speed-36-20240704-1638385.jpg,car,178.79218,74.45062
speed-39-20240704-1352154.jpg,car,243.54639,87.13394
speed-41-20240704-1815268.jpg,car,142.32486,57.138
speed-42-20240704-1418280.jpg,car,191.76205,76.82306
speed-42-20240704-1418280.jpg,cat,29.99121,32.143066
speed-38-20240704-1540192.jpg,car,158.05585,70.03238
speed-38-20240704-1540192.jpg,cat,19.199219,21.763763
speed-36-20240704-1113415.jpg,car,182.521,66.27496
speed-38-20240704-1641234.jpg,car,157.7399,61.177094
speed-36-20240704-1733575.jpg,truck,200.4455,77.03949
speed-39-20240704-1017301.jpg,car,179.22311,72.98865
speed-40-20240704-1643523.jpg,car,160.74881,67.761536
speed-33-20240704-1257167.jpg,car,191.86743,78.50122
speed-24-20240704-1017267.jpg,truck,222.27728,77.44354
speed-17-20240704-1645321.jpg,car,176.83076,74.795685
speed-31-20240704-1912253.jpg,truck,198.5433,67.944336
speed-31-20240704-1912253.jpg,person,17.390808,43.100525
speed-41-20240704-1121002.jpg,car,152.07346,62.959564
speed-36-20240704-1818114.jpg,car,164.44537,60.592896
speed-35-20240704-1713247.jpg,car,162.3468,58.46414
speed-36-20240704-1507495.jpg,truck,166.56085,81.334015
speed-44-20240704-1311024.jpg,car,166.7886,66.59738
speed-38-20240704-1824274.jpg,car,158.42584,65.38858
speed-39-20240704-1124287.jpg,car,191.87714,72.6821
speed-33-20240704-1129159.jpg,car,178.2667,64.55716
speed-43-20240704-1532019.jpg,truck,208.07626,74.41879
speed-43-20240704-1532019.jpg,cat,20.62854,22.9021
speed-43-20240704-1532019.jpg,car,178.68002,78.38504
